period,symbol,agg_id,first_trade_id,last_trade_id,price,qty,timestamp_ms,buyer_is_maker,best_price_match
"2026-09-27","AXMUSDT","","","","0.00162","23827","1790485923000","true","true"
"2026-09-27","AXMUSDT","","","","0.00163","10301.6","1790486582000","false","true"
"2026-09-27","AXMUSDT","","","","0.00163","3065.96","1790487845000","false","true"
"2026-09-27","AXMUSDT","","","","0.00163","13814.4","1790490756000","false","true"
"2026-09-27","AXMUSDT","","","","0.00164","2452.52","1790490771000","false","true"
"2026-09-27","AXMUSDT","","","","0.00163","4860.9","1790490771000","false","true"
"2026-09-27","AXMUSDT","","","","0.00162","8500","1790491211000","true","true"
"2026-09-27","AXMUSDT","","","","0.00162","9260","1790496203000","true","true"
"2026-09-27","AXMUSDT","","","","0.00163","5000","1790497214000","false","true"
"2026-09-27","AXMUSDT","","","","0.00164","15840.16","1790497214000","false","true"
"2026-09-27","AXMUSDT","","","","0.00165","5678.01","1790497214000","false","true"
"2026-09-27","AXMUSDT","","","","0.00163","1000","1790497255000","true","true"
"2026-09-27","AXMUSDT","","","","0.00163","3645","1790498397000","true","true"
"2026-09-27","AXMUSDT","","","","0.00163","1500","1790501434000","true","true"
"2026-09-27","AXMUSDT","","","","0.00164","10269.26","1790501545000","false","true"
"2026-09-27","AXMUSDT","","","","0.00163","1500","1790502559000","true","true"
"2026-09-27","AXMUSDT","","","","0.00164","6003.09","1790503534000","false","true"
"2026-09-27","AXMUSDT","","","","0.00161","66056.68","1790505896000","true","true"
"2026-09-27","AXMUSDT","","","","0.00162","14646.12","1790505896000","true","true"
"2026-09-27","AXMUSDT","","","","0.00163","14382.17","1790505896000","true","true"
"2026-09-27","AXMUSDT","","","","0.00162","15527.7","1790506846000","false","true"
"2026-09-27","AXMUSDT","","","","0.00163","15446.85","1790507033000","false","true"
"2026-09-27","AXMUSDT","","","","0.00163","7866.03","1790507033000","true","true"
"2026-09-27","AXMUSDT","","","","0.00162","3703.7","1790507034000","true","true"
"2026-09-27","AXMUSDT","","","","0.00162","15540.68","1790507037000","true","true"
"2026-09-27","AXMUSDT","","","","0.00162","15420.91","1790507054000","false","true"
"2026-09-27","AXMUSDT","","","","0.00163","3680.98","1790507059000","false","true"
"2026-09-27","AXMUSDT","","","","0.00163","3680.98","1790507135000","true","true"
"2026-09-27","AXMUSDT","","","","0.00163","613.49","1790507136000","true","true"
"2026-09-27","AXMUSDT","","","","0.00162","3703.7","1790507179000","false","true"
"2026-09-27","AXMUSDT","","","","0.00162","3703.7","1790507182000","true","true"
"2026-09-27","AXMUSDT","","","","0.00164","23170.73","1790507207000","false","true"
"2026-09-27","AXMUSDT","","","","0.00163","3067.48","1790507210000","false","true"
"2026-09-27","AXMUSDT","","","","0.00164","14514.64","1790507210000","false","true"
"2026-09-27","AXMUSDT","","","","0.00164","21583.8","1790507213000","false","true"
"2026-09-27","AXMUSDT","","","","0.00164","21583.8","1790507215000","false","true"
"2026-09-27","AXMUSDT","","","","0.00164","1829.26","1790507242000","true","true"
"2026-09-27","AXMUSDT","","","","0.00164","1829.26","1790507243000","true","true"
"2026-09-27","AXMUSDT","","","","0.00164","0.01","1790507247000","true","true"
"2026-09-27","AXMUSDT","","","","0.00164","676.82","1790507302000","true","true"
"2026-09-27","AXMUSDT","","","","0.00163","80257.56","1790507308000","true","true"
"2026-09-27","AXMUSDT","","","","0.00162","38801.48","1790507315000","true","true"
"2026-09-27","AXMUSDT","","","","0.00162","1555.74","1790507333000","true","true"
"2026-09-27","AXMUSDT","","","","0.00162","2136.56","1790507333000","false","true"
"2026-09-27","AXMUSDT","","","","0.00162","3086.41","1790507386000","false","true"
"2026-09-27","AXMUSDT","","","","0.00162","3086.41","1790507395000","true","true"
"2026-09-27","AXMUSDT","","","","0.00162","3086.41","1790507456000","false","true"
"2026-09-27","AXMUSDT","","","","0.00162","5555.55","1790507469000","true","true"
"2026-09-27","AXMUSDT","","","","0.00162","5555.55","1790507475000","false","true"
"2026-09-27","AXMUSDT","","","","0.00162","6172.83","1790507478000","true","true"
"2026-09-27","AXMUSDT","","","","0.00162","3703.7","1790507489000","false","true"
"2026-09-27","AXMUSDT","","","","0.00161","35125.73","1790507493000","true","true"
"2026-09-27","AXMUSDT","","","","0.00161","19141.63","1790509062000","true","true"
"2026-09-27","AXMUSDT","","","","0.0016","19858.37","1790509062000","true","true"
"2026-09-27","AXMUSDT","","","","0.0016","4361.37","1790509105000","true","true"
"2026-09-27","AXMUSDT","","","","0.00162","60202.5","1790510041000","false","true"
"2026-09-27","AXMUSDT","","","","0.00161","19090","1790510041000","false","true"
"2026-09-27","AXMUSDT","","","","0.00162","3086.41","1790510077000","true","true"
"2026-09-27","AXMUSDT","","","","0.00161","3715.17","1790510081000","true","true"
"2026-09-27","AXMUSDT","","","","0.00162","2173.91","1790511025000","true","true"
"2026-09-27","AXMUSDT","","","","0.00162","3086.41","1790511069000","false","true"
"2026-09-27","AXMUSDT","","","","0.00162","3086.41","1790511071000","true","true"
"2026-09-27","AXMUSDT","","","","0.00162","3086.41","1790511100000","true","true"
"2026-09-27","AXMUSDT","","","","0.00162","3086.41","1790511162000","false","true"
"2026-09-27","AXMUSDT","","","","0.00162","3086.41","1790511255000","false","true"
"2026-09-27","AXMUSDT","","","","0.00162","3086.41","1790511286000","true","true"
"2026-09-27","AXMUSDT","","","","0.00162","3086.41","1790511379000","true","true"
"2026-09-27","AXMUSDT","","","","0.00162","3086.41","1790511394000","true","true"
"2026-09-27","AXMUSDT","","","","0.00162","3086.41","1790511410000","false","true"
"2026-09-27","AXMUSDT","","","","0.00162","3086.41","1790511432000","true","true"
"2026-09-27","AXMUSDT","","","","0.00162","3086.41","1790511441000","false","true"
"2026-09-27","AXMUSDT","","","","0.00162","3086.41","1790511471000","true","true"
"2026-09-27","AXMUSDT","","","","0.00162","2453.47","1790511617000","false","true"
"2026-09-27","AXMUSDT","","","","0.00162","623.45","1790511617000","true","true"
"2026-09-27","AXMUSDT","","","","0.00162","3076.92","1790511618000","true","true"
"2026-09-27","AXMUSDT","","","","0.00162","3086.41","1790511625000","false","true"
"2026-09-27","AXMUSDT","","","","0.00162","3086.41","1790511627000","true","true"
"2026-09-27","AXMUSDT","","","","0.00162","3086.41","1790511657000","false","true"
"2026-09-27","AXMUSDT","","","","0.00162","3086.41","1790511718000","false","true"
"2026-09-27","AXMUSDT","","","","0.00162","3086.41","1790511749000","true","true"
"2026-09-27","AXMUSDT","","","","0.00162","3086.41","1790511780000","true","true"
"2026-09-27","AXMUSDT","","","","0.00162","3086.41","1790511811000","true","true"
"2026-09-27","AXMUSDT","","","","0.00162","3086.41","1790511857000","false","true"
"2026-09-27","AXMUSDT","","","","0.00162","3086.41","1790511904000","true","true"
"2026-09-27","AXMUSDT","","","","0.00162","3086.41","1790511997000","false","true"
"2026-09-27","AXMUSDT","","","","0.00162","3076.92","1790512028000","true","true"
"2026-09-27","AXMUSDT","","","","0.00162","3086.41","1790512121000","false","true"
"2026-09-27","AXMUSDT","","","","0.00162","3076.92","1790512213000","true","true"
"2026-09-27","AXMUSDT","","","","0.00162","3086.41","1790512266000","false","true"
"2026-09-27","AXMUSDT","","","","0.00162","3086.41","1790512275000","true","true"
"2026-09-27","AXMUSDT","","","","0.00162","3086.41","1790512306000","false","true"
"2026-09-27","AXMUSDT","","","","0.00162","3086.41","1790512359000","true","true"
"2026-09-27","AXMUSDT","","","","0.00162","3086.41","1790512368000","true","true"
"2026-09-27","AXMUSDT","","","","0.00162","3086.41","1790512390000","false","true"
"2026-09-27","AXMUSDT","","","","0.00163","61319.03","1790512415000","false","true"
"2026-09-27","AXMUSDT","","","","0.00162","3086.41","1790512430000","false","true"
"2026-09-27","AXMUSDT","","","","0.00162","3086.41","1790512461000","true","true"
"2026-09-27","AXMUSDT","","","","0.00162","3086.41","1790512492000","false","true"
"2026-09-27","AXMUSDT","","","","0.00162","3086.41","1790512585000","false","true"
"2026-09-27","AXMUSDT","","","","0.00162","3086.41","1790512647000","true","true"
"2026-09-27","AXMUSDT","","","","0.00162","3086.41","1790512678000","true","true"
"2026-09-27","AXMUSDT","","","","0.00162","3086.41","1790512770000","true","true"
"2026-09-27","AXMUSDT","","","","0.00162","3086.41","1790512792000","false","true"
"2026-09-27","AXMUSDT","","","","0.00162","3086.41","1790512817000","false","true"
"2026-09-27","AXMUSDT","","","","0.00162","3086.41","1790512823000","false","true"
"2026-09-27","AXMUSDT","","","","0.00162","3086.41","1790513017000","false","true"
"2026-09-27","AXMUSDT","","","","0.00162","3086.41","1790513218000","true","true"
"2026-09-27","AXMUSDT","","","","0.00162","3086.41","1790513234000","true","true"
"2026-09-27","AXMUSDT","","","","0.00162","3076.92","1790513318000","true","true"
"2026-09-27","AXMUSDT","","","","0.00162","3086.41","1790513326000","true","true"
"2026-09-27","AXMUSDT","","","","0.00162","3086.41","1790513388000","true","true"
"2026-09-27","AXMUSDT","","","","0.00162","3086.41","1790513450000","false","true"
"2026-09-27","AXMUSDT","","","","0.00162","3086.41","1790513466000","true","true"
"2026-09-27","AXMUSDT","","","","0.00162","3086.41","1790513511000","false","true"
"2026-09-27","AXMUSDT","","","","0.00162","3086.41","1790513542000","true","true"
"2026-09-27","AXMUSDT","","","","0.00162","3086.41","1790513573000","true","true"
"2026-09-27","AXMUSDT","","","","0.00162","3086.41","1790513697000","true","true"
"2026-09-27","AXMUSDT","","","","0.00162","3086.41","1790513750000","true","true"
"2026-09-27","AXMUSDT","","","","0.00162","3086.41","1790513759000","true","true"
"2026-09-27","AXMUSDT","","","","0.00162","3086.41","1790513821000","false","true"
"2026-09-27","AXMUSDT","","","","0.00162","3086.41","1790513883000","false","true"
"2026-09-27","AXMUSDT","","","","0.00162","3076.92","1790513914000","true","true"
"2026-09-27","AXMUSDT","","","","0.00162","3086.41","1790513945000","true","true"
"2026-09-27","AXMUSDT","","","","0.00162","3086.41","1790514007000","true","true"
"2026-09-27","AXMUSDT","","","","0.00162","3086.41","1790514038000","false","true"
"2026-09-27","AXMUSDT","","","","0.00162","3076.92","1790514068000","true","true"
"2026-09-27","AXMUSDT","","","","0.00162","3076.92","1790514131000","true","true"
"2026-09-27","AXMUSDT","","","","0.00162","3086.41","1790514223000","true","true"
"2026-09-27","AXMUSDT","","","","0.00162","3086.41","1790514317000","true","true"
"2026-09-27","AXMUSDT","","","","0.00162","3086.41","1790514348000","false","true"
"2026-09-27","AXMUSDT","","","","0.00162","3086.41","1790514379000","false","true"
"2026-09-27","AXMUSDT","","","","0.00162","3086.41","1790514486000","true","true"
"2026-09-27","AXMUSDT","","","","0.00162","3086.41","1790514502000","true","true"
"2026-09-27","AXMUSDT","","","","0.00162","3086.41","1790514657000","true","true"
"2026-09-27","AXMUSDT","","","","0.00162","3086.41","1790514688000","true","true"
"2026-09-27","AXMUSDT","","","","0.00162","3086.41","1790514719000","false","true"
"2026-09-27","AXMUSDT","","","","0.00162","3086.41","1790514750000","false","true"
"2026-09-27","AXMUSDT","","","","0.00162","3086.41","1790514770000","false","true"
"2026-09-27","AXMUSDT","","","","0.00162","3086.41","1790514812000","false","true"
"2026-09-27","AXMUSDT","","","","0.00162","3086.41","1790514843000","false","true"
"2026-09-27","AXMUSDT","","","","0.00162","3086.41","1790514874000","true","true"
"2026-09-27","AXMUSDT","","","","0.00162","3086.41","1790514918000","false","true"
"2026-09-27","AXMUSDT","","","","0.00162","3086.41","1790514935000","false","true"
"2026-09-27","AXMUSDT","","","","0.00162","3086.41","1790514966000","false","true"
"2026-09-27","AXMUSDT","","","","0.00162","3086.41","1790514997000","false","true"
"2026-09-27","AXMUSDT","","","","0.00162","3086.41","1790515028000","true","true"
"2026-09-27","AXMUSDT","","","","0.00162","3086.41","1790515059000","false","true"
"2026-09-27","AXMUSDT","","","","0.00162","3086.41","1790515090000","true","true"
"2026-09-27","AXMUSDT","","","","0.00162","3086.41","1790515104000","false","true"
"2026-09-27","AXMUSDT","","","","0.00162","3086.41","1790515183000","false","true"
"2026-09-27","AXMUSDT","","","","0.00162","3086.41","1790515213000","true","true"
"2026-09-27","AXMUSDT","","","","0.00162","3086.41","1790515244000","false","true"
"2026-09-27","AXMUSDT","","","","0.00162","3086.41","1790515265000","false","true"
"2026-09-27","AXMUSDT","","","","0.00162","3086.41","1790515275000","false","true"
"2026-09-27","AXMUSDT","","","","0.00162","3086.41","1790515306000","true","true"
"2026-09-27","AXMUSDT","","","","0.00162","3086.41","1790515460000","false","true"
"2026-09-27","AXMUSDT","","","","0.00162","3086.41","1790515491000","false","true"
"2026-09-27","AXMUSDT","","","","0.00162","3086.41","1790515522000","true","true"
"2026-09-27","AXMUSDT","","","","0.00162","3086.41","1790515554000","true","true"
"2026-09-27","AXMUSDT","","","","0.00162","3086.41","1790515616000","false","true"
"2026-09-27","AXMUSDT","","","","0.00162","3086.41","1790515708000","false","true"
"2026-09-27","AXMUSDT","","","","0.00162","3086.41","1790515740000","false","true"
"2026-09-27","AXMUSDT","","","","0.00162","3076.92","1790515759000","true","true"
"2026-09-27","AXMUSDT","","","","0.00162","3086.41","1790515863000","true","true"
"2026-09-27","AXMUSDT","","","","0.00162","3086.41","1790515894000","false","true"
"2026-09-27","AXMUSDT","","","","0.00162","3086.41","1790515925000","false","true"
"2026-09-27","AXMUSDT","","","","0.00162","3086.41","1790515970000","true","true"
"2026-09-27","AXMUSDT","","","","0.00162","3086.41","1790516048000","true","true"
"2026-09-27","AXMUSDT","","","","0.00162","3086.41","1790516062000","true","true"
"2026-09-27","AXMUSDT","","","","0.00162","3086.41","1790516079000","true","true"
"2026-09-27","AXMUSDT","","","","0.00162","3086.41","1790516099000","true","true"
"2026-09-27","AXMUSDT","","","","0.00162","3086.41","1790516155000","true","true"
"2026-09-27","AXMUSDT","","","","0.00162","3086.41","1790516254000","true","true"
"2026-09-27","AXMUSDT","","","","0.00162","3086.41","1790516285000","true","true"
"2026-09-27","AXMUSDT","","","","0.00162","3086.41","1790516327000","true","true"
"2026-09-27","AXMUSDT","","","","0.00162","3086.41","1790516388000","true","true"
"2026-09-27","AXMUSDT","","","","0.00162","3086.41","1790516450000","false","true"
"2026-09-27","AXMUSDT","","","","0.00162","3086.41","1790516465000","false","true"
"2026-09-27","AXMUSDT","","","","0.00162","3086.41","1790516470000","false","true"
"2026-09-27","AXMUSDT","","","","0.00162","3086.41","1790516481000","false","true"
"2026-09-27","AXMUSDT","","","","0.00162","3086.41","1790516495000","true","true"
"2026-09-27","AXMUSDT","","","","0.00162","3086.41","1790516512000","false","true"
"2026-09-27","AXMUSDT","","","","0.00162","3086.41","1790516557000","false","true"
"2026-09-27","AXMUSDT","","","","0.00162","3086.41","1790516574000","false","true"
"2026-09-27","AXMUSDT","","","","0.00162","3076.92","1790516636000","true","true"
"2026-09-27","AXMUSDT","","","","0.00162","8933.83","1790518065000","true","true"
"2026-09-27","AXMUSDT","","","","0.00161","1066.17","1790518065000","true","true"
"2026-09-27","AXMUSDT","","","","0.00162","3703.7","1790518184000","false","true"
"2026-09-27","AXMUSDT","","","","0.00162","3703.7","1790518185000","true","true"
"2026-09-27","AXMUSDT","","","","0.00162","3086.41","1790518217000","false","true"
"2026-09-27","AXMUSDT","","","","0.00162","3086.41","1790518246000","false","true"
"2026-09-27","AXMUSDT","","","","0.00162","3086.41","1790518277000","true","true"
"2026-09-27","AXMUSDT","","","","0.00162","6790.12","1790518321000","false","true"
"2026-09-27","AXMUSDT","","","","0.00162","4320.98","1790518382000","true","true"
"2026-09-27","AXMUSDT","","","","0.00162","3086.41","1790518414000","false","true"
"2026-09-27","AXMUSDT","","","","0.00162","3086.41","1790518433000","true","true"
"2026-09-27","AXMUSDT","","","","0.00162","3703.7","1790518465000","false","true"
"2026-09-27","AXMUSDT","","","","0.00162","3703.7","1790518474000","true","true"
"2026-09-27","AXMUSDT","","","","0.00162","3086.41","1790518557000","false","true"
"2026-09-27","AXMUSDT","","","","0.00162","4320.98","1790518576000","true","true"
"2026-09-27","AXMUSDT","","","","0.00161","3095.97","1790518680000","true","true"
"2026-09-27","AXMUSDT","","","","0.00162","3086.41","1790518712000","true","true"
"2026-09-27","AXMUSDT","","","","0.00162","3086.41","1790518823000","false","true"
"2026-09-27","AXMUSDT","","","","0.00162","3086.41","1790518866000","false","true"
"2026-09-27","AXMUSDT","","","","0.00162","3086.41","1790518897000","true","true"
"2026-09-27","AXMUSDT","","","","0.00162","3086.41","1790518928000","false","true"
"2026-09-27","AXMUSDT","","","","0.00162","3086.41","1790518959000","true","true"
"2026-09-27","AXMUSDT","","","","0.00162","3086.41","1790518990000","false","true"
"2026-09-27","AXMUSDT","","","","0.00162","3086.41","1790519021000","true","true"
"2026-09-27","AXMUSDT","","","","0.00162","3086.41","1790519052000","false","true"
"2026-09-27","AXMUSDT","","","","0.00162","3086.41","1790519071000","false","true"
"2026-09-27","AXMUSDT","","","","0.00162","3086.41","1790519083000","false","true"
"2026-09-27","AXMUSDT","","","","0.00162","3086.41","1790519093000","true","true"
"2026-09-27","AXMUSDT","","","","0.00162","3086.41","1790519102000","false","true"
"2026-09-27","AXMUSDT","","","","0.00162","3086.41","1790519144000","false","true"
"2026-09-27","AXMUSDT","","","","0.00162","3086.41","1790519269000","false","true"
"2026-09-27","AXMUSDT","","","","0.00162","3086.41","1790519279000","false","true"
"2026-09-27","AXMUSDT","","","","0.00162","3086.41","1790519287000","true","true"
"2026-09-27","AXMUSDT","","","","0.00162","3086.41","1790519299000","true","true"
"2026-09-27","AXMUSDT","","","","0.00162","3086.41","1790519310000","true","true"
"2026-09-27","AXMUSDT","","","","0.00162","3086.41","1790519362000","false","true"
"2026-09-27","AXMUSDT","","","","0.00162","3086.41","1790519393000","true","true"
"2026-09-27","AXMUSDT","","","","0.00162","3086.41","1790519424000","true","true"
"2026-09-27","AXMUSDT","","","","0.00162","3086.41","1790519441000","false","true"
"2026-09-27","AXMUSDT","","","","0.00162","3086.41","1790519455000","false","true"
"2026-09-27","AXMUSDT","","","","0.00162","3086.41","1790519503000","true","true"
"2026-09-27","AXMUSDT","","","","0.00162","3086.41","1790519547000","false","true"
"2026-09-27","AXMUSDT","","","","0.00162","3086.41","1790519578000","false","true"
"2026-09-27","AXMUSDT","","","","0.00162","3086.41","1790519627000","true","true"
"2026-09-27","AXMUSDT","","","","0.00162","3086.41","1790519640000","false","true"
"2026-09-27","AXMUSDT","","","","0.00162","3076.92","1790519681000","true","true"
"2026-09-27","AXMUSDT","","","","0.00162","3086.41","1790519702000","true","true"
"2026-09-27","AXMUSDT","","","","0.00162","3086.41","1790519751000","false","true"
"2026-09-27","AXMUSDT","","","","0.00162","3086.41","1790519795000","true","true"
"2026-09-27","AXMUSDT","","","","0.00162","3086.41","1790519826000","true","true"
"2026-09-27","AXMUSDT","","","","0.00162","3086.41","1790519856000","false","true"
"2026-09-27","AXMUSDT","","","","0.00162","3086.41","1790519980000","false","true"
"2026-09-27","AXMUSDT","","","","0.00162","3086.41","1790519990000","false","true"
"2026-09-27","AXMUSDT","","","","0.00162","3086.41","1790520042000","false","true"
"2026-09-27","AXMUSDT","","","","0.00162","3086.41","1790520091000","false","true"
"2026-09-27","AXMUSDT","","","","0.00162","3086.41","1790520104000","false","true"
"2026-09-27","AXMUSDT","","","","0.00162","3086.41","1790520276000","true","true"
"2026-09-27","AXMUSDT","","","","0.00162","3086.41","1790520320000","false","true"
"2026-09-27","AXMUSDT","","","","0.00162","3086.41","1790520351000","true","true"
"2026-09-27","AXMUSDT","","","","0.00162","3086.41","1790520506000","false","true"
"2026-09-27","AXMUSDT","","","","0.00162","3086.41","1790520537000","false","true"
"2026-09-27","AXMUSDT","","","","0.00162","3086.41","1790520568000","false","true"
"2026-09-27","AXMUSDT","","","","0.00162","3086.41","1790520599000","false","true"
"2026-09-27","AXMUSDT","","","","0.00162","2500","1790520615000","false","true"
"2026-09-27","AXMUSDT","","","","0.00162","3086.41","1790520615000","true","true"
"2026-09-27","AXMUSDT","","","","0.00162","3703.7","1790520661000","false","true"
"2026-09-27","AXMUSDT","","","","0.00162","3703.7","1790520662000","true","true"
"2026-09-27","AXMUSDT","","","","0.00162","3086.41","1790520694000","false","true"
"2026-09-27","AXMUSDT","","","","0.00162","4320.98","1790520700000","true","true"
"2026-09-27","AXMUSDT","","","","0.00162","5555.55","1790520733000","false","true"
"2026-09-27","AXMUSDT","","","","0.00162","3703.7","1790520753000","true","true"
"2026-09-27","AXMUSDT","","","","0.00162","3703.7","1790520770000","false","true"
"2026-09-27","AXMUSDT","","","","0.00162","5555.55","1790520793000","true","true"
"2026-09-27","AXMUSDT","","","","0.00162","5555.55","1790520825000","false","true"
"2026-09-27","AXMUSDT","","","","0.00162","3086.41","1790520846000","true","true"
"2026-09-27","AXMUSDT","","","","0.00162","3086.41","1790520877000","false","true"
"2026-09-27","AXMUSDT","","","","0.00162","4320.98","1790520893000","true","true"
"2026-09-27","AXMUSDT","","","","0.00162","3703.7","1790520939000","false","true"
"2026-09-27","AXMUSDT","","","","0.00162","3086.41","1790520970000","true","true"
"2026-09-27","AXMUSDT","","","","0.00161","3715.17","1790521000000","true","true"
"2026-09-27","AXMUSDT","","","","0.00163","2397.69","1790525102000","false","true"
"2026-09-27","AXMUSDT","","","","0.00163","1465.59","1790525730000","false","true"
"2026-09-27","AXMUSDT","","","","0.0016","17684.88","1790527904000","true","true"
"2026-09-27","AXMUSDT","","","","0.00162","3703.7","1790527904000","true","true"
"2026-09-27","AXMUSDT","","","","0.00161","108611.42","1790527904000","true","true"
"2026-09-27","AXMUSDT","","","","0.0016","3738.31","1790527927000","true","true"
"2026-09-27","AXMUSDT","","","","0.00161","2801.36","1790527959000","false","true"
"2026-09-27","AXMUSDT","","","","0.0016","63300","1790528421000","true","true"
"2026-09-27","AXMUSDT","","","","0.00161","763.18","1790528495000","false","true"
"2026-09-27","AXMUSDT","","","","0.00161","30249.08","1790528693000","false","true"
"2026-09-27","AXMUSDT","","","","0.0016","14729.08","1790528995000","true","true"
"2026-09-27","AXMUSDT","","","","0.0016","39178.45","1790529553000","false","true"
"2026-09-27","AXMUSDT","","","","0.0016","821.55","1790529553000","true","true"
"2026-09-27","AXMUSDT","","","","0.0016","3125","1790529560000","true","true"
"2026-09-27","AXMUSDT","","","","0.0016","5000","1790529591000","true","true"
"2026-09-27","AXMUSDT","","","","0.0016","5000","1790529591000","false","true"
"2026-09-27","AXMUSDT","","","","0.0016","4375","1790529622000","false","true"
"2026-09-27","AXMUSDT","","","","0.0016","3750","1790529629000","true","true"
"2026-09-27","AXMUSDT","","","","0.0016","3125","1790529641000","true","true"
"2026-09-27","AXMUSDT","","","","0.0016","6250","1790529653000","false","true"
"2026-09-27","AXMUSDT","","","","0.0016","3750","1790529659000","true","true"
"2026-09-27","AXMUSDT","","","","0.0016","46826.3","1790529662000","true","true"
"2026-09-27","AXMUSDT","","","","0.0016","3115.26","1790529690000","true","true"
"2026-09-27","AXMUSDT","","","","0.0016","11265.67","1790538709000","true","true"
"2026-09-27","AXMUSDT","","","","0.00159","27734.33","1790538709000","true","true"
"2026-09-27","AXMUSDT","","","","0.00159","3134.79","1790538883000","true","true"
"2026-09-27","AXMUSDT","","","","0.0016","3750","1790538914000","true","true"
"2026-09-27","AXMUSDT","","","","0.0016","3125","1790538922000","true","true"
"2026-09-27","AXMUSDT","","","","0.0016","3750","1790538933000","false","true"
"2026-09-27","AXMUSDT","","","","0.0016","3125","1790538945000","false","true"
"2026-09-27","AXMUSDT","","","","0.0016","3750","1790538976000","false","true"
"2026-09-27","AXMUSDT","","","","0.0016","3750","1790538984000","true","true"
"2026-09-27","AXMUSDT","","","","0.0016","3750","1790539007000","true","true"
"2026-09-27","AXMUSDT","","","","0.0016","3750","1790539038000","false","true"
"2026-09-27","AXMUSDT","","","","0.0016","3125","1790539068000","false","true"
"2026-09-27","AXMUSDT","","","","0.0016","3750","1790539099000","true","true"
"2026-09-27","AXMUSDT","","","","0.0016","3125","1790539130000","true","true"
"2026-09-27","AXMUSDT","","","","0.0016","3125","1790539161000","true","true"
"2026-09-27","AXMUSDT","","","","0.0016","3750","1790539169000","true","true"
"2026-09-27","AXMUSDT","","","","0.0016","3125","1790539180000","true","true"
"2026-09-27","AXMUSDT","","","","0.0016","3750","1790539192000","false","true"
"2026-09-27","AXMUSDT","","","","0.0016","3125","1790539223000","true","true"
"2026-09-27","AXMUSDT","","","","0.0016","3750","1790539232000","false","true"
"2026-09-27","AXMUSDT","","","","0.0016","3125","1790539254000","false","true"
"2026-09-27","AXMUSDT","","","","0.0016","3125","1790539285000","false","true"
"2026-09-27","AXMUSDT","","","","0.0016","3750","1790539304000","false","true"
"2026-09-27","AXMUSDT","","","","0.0016","3125","1790539316000","true","true"
"2026-09-27","AXMUSDT","","","","0.0016","3750","1790539347000","false","true"
"2026-09-27","AXMUSDT","","","","0.0016","3750","1790539366000","false","true"
"2026-09-27","AXMUSDT","","","","0.0016","3750","1790539378000","false","true"
"2026-09-27","AXMUSDT","","","","0.0016","3125","1790539409000","false","true"
"2026-09-27","AXMUSDT","","","","0.0016","3125","1790539440000","true","true"
"2026-09-27","AXMUSDT","","","","0.0016","3750","1790539471000","true","true"
"2026-09-27","AXMUSDT","","","","0.0016","3125","1790539501000","false","true"
"2026-09-27","AXMUSDT","","","","0.0016","3125","1790539520000","true","true"
"2026-09-27","AXMUSDT","","","","0.0016","3125","1790539532000","true","true"
"2026-09-27","AXMUSDT","","","","0.0016","3750","1790539563000","false","true"
"2026-09-27","AXMUSDT","","","","0.0016","3750","1790539594000","false","true"
"2026-09-27","AXMUSDT","","","","0.0016","3125","1790539614000","true","true"
"2026-09-27","AXMUSDT","","","","0.0016","3750","1790539625000","false","true"
"2026-09-27","AXMUSDT","","","","0.0016","3750","1790539656000","false","true"
"2026-09-27","AXMUSDT","","","","0.0016","3750","1790539676000","false","true"
"2026-09-27","AXMUSDT","","","","0.0016","3750","1790539687000","true","true"
"2026-09-27","AXMUSDT","","","","0.0016","3125","1790539718000","true","true"
"2026-09-27","AXMUSDT","","","","0.0016","3750","1790539749000","true","true"
"2026-09-27","AXMUSDT","","","","0.0016","3125","1790539757000","true","true"
"2026-09-27","AXMUSDT","","","","0.0016","3125","1790539768000","true","true"
"2026-09-27","AXMUSDT","","","","0.0016","3125","1790539780000","false","true"
"2026-09-27","AXMUSDT","","","","0.0016","3750","1790539810000","true","true"
"2026-09-27","AXMUSDT","","","","0.0016","3750","1790539819000","true","true"
"2026-09-27","AXMUSDT","","","","0.0016","3750","1790539841000","false","true"
"2026-09-27","AXMUSDT","","","","0.0016","3125","1790539850000","true","true"
"2026-09-27","AXMUSDT","","","","0.0016","3125","1790539872000","false","true"
"2026-09-27","AXMUSDT","","","","0.0016","3125","1790539892000","true","true"
"2026-09-27","AXMUSDT","","","","0.0016","3125","1790539903000","false","true"
"2026-09-27","AXMUSDT","","","","0.0016","3125","1790539912000","true","true"
"2026-09-27","AXMUSDT","","","","0.0016","3750","1790539934000","true","true"
"2026-09-27","AXMUSDT","","","","0.0016","3750","1790539965000","false","true"
"2026-09-27","AXMUSDT","","","","0.0016","3125","1790539984000","false","true"
"2026-09-27","AXMUSDT","","","","0.0016","3750","1790539996000","false","true"
"2026-09-27","AXMUSDT","","","","0.0016","3750","1790540027000","true","true"
"2026-09-27","AXMUSDT","","","","0.0016","3750","1790540058000","true","true"
"2026-09-27","AXMUSDT","","","","0.0016","3050.81","1790540089000","false","true"
"2026-09-27","AXMUSDT","","","","0.0016","687.5","1790540089000","true","true"
"2026-09-27","AXMUSDT","","","","0.0016","3125","1790540151000","false","true"
"2026-09-27","AXMUSDT","","","","0.0016","687.5","1790540228000","true","true"
"2026-09-27","AXMUSDT","","","","0.00159","42570.87","1790540984000","true","true"
"2026-09-27","AXMUSDT","","","","0.00158","549.13","1790540984000","true","true"
"2026-09-27","AXMUSDT","","","","0.0016","6875","1790540984000","true","true"
"2026-09-27","AXMUSDT","","","","0.00158","3785.48","1790541024000","true","true"
"2026-09-27","AXMUSDT","","","","0.00158","3154.57","1790541047000","true","true"
"2026-09-27","AXMUSDT","","","","0.00158","6609.26","1790541582000","true","true"
"2026-09-27","AXMUSDT","","","","0.00159","30876.03","1790544747000","false","true"
"2026-09-27","AXMUSDT","","","","0.00159","3144.65","1790544750000","true","true"
"2026-09-27","AXMUSDT","","","","0.0016","35487.03","1790544756000","false","true"
"2026-09-27","AXMUSDT","","","","0.00159","3134.79","1790544760000","true","true"
"2026-09-27","AXMUSDT","","","","0.0016","3750","1790544791000","true","true"
"2026-09-27","AXMUSDT","","","","0.00159","3761.75","1790544829000","true","true"
"2026-09-27","AXMUSDT","","","","0.0016","3750","1790544853000","false","true"
"2026-09-27","AXMUSDT","","","","0.0016","3750","1790544884000","true","true"
"2026-09-27","AXMUSDT","","","","0.0016","3750","1790544915000","true","true"
"2026-09-27","AXMUSDT","","","","0.0016","3125","1790544923000","false","true"
"2026-09-27","AXMUSDT","","","","0.0016","3125","1790544936000","false","true"
"2026-09-27","AXMUSDT","","","","0.0016","3125","1790544945000","true","true"
"2026-09-27","AXMUSDT","","","","0.0016","3125","1790544954000","false","true"
"2026-09-27","AXMUSDT","","","","0.0016","3125","1790544967000","true","true"
"2026-09-27","AXMUSDT","","","","0.0016","3125","1790544976000","true","true"
"2026-09-27","AXMUSDT","","","","0.0016","3125","1790544998000","true","true"
"2026-09-27","AXMUSDT","","","","0.0016","3125","1790545007000","false","true"
"2026-09-27","AXMUSDT","","","","0.0016","3750","1790545038000","true","true"
"2026-09-27","AXMUSDT","","","","0.0016","3125","1790545060000","true","true"
"2026-09-27","AXMUSDT","","","","0.0016","3750","1790545069000","false","true"
"2026-09-27","AXMUSDT","","","","0.0016","3125","1790545100000","false","true"
"2026-09-27","AXMUSDT","","","","0.0016","3125","1790545109000","true","true"
"2026-09-27","AXMUSDT","","","","0.0016","3125","1790545122000","false","true"
"2026-09-27","AXMUSDT","","","","0.0016","3125","1790545131000","false","true"
"2026-09-27","AXMUSDT","","","","0.0016","3750","1790545140000","true","true"
"2026-09-27","AXMUSDT","","","","0.0016","3125","1790545162000","false","true"
"2026-09-27","AXMUSDT","","","","0.0016","3750","1790545170000","true","true"
"2026-09-27","AXMUSDT","","","","0.0016","3125","1790545193000","true","true"
"2026-09-27","AXMUSDT","","","","0.0016","3125","1790545201000","true","true"
"2026-09-27","AXMUSDT","","","","0.0016","3125","1790545224000","false","true"
"2026-09-27","AXMUSDT","","","","0.0016","3125","1790545246000","false","true"
"2026-09-27","AXMUSDT","","","","0.0016","3750","1790545255000","false","true"
"2026-09-27","AXMUSDT","","","","0.0016","3125","1790545286000","true","true"
"2026-09-27","AXMUSDT","","","","0.0016","3125","1790545317000","true","true"
"2026-09-27","AXMUSDT","","","","0.0016","3750","1790545348000","true","true"
"2026-09-27","AXMUSDT","","","","0.0016","3750","1790545379000","true","true"
"2026-09-27","AXMUSDT","","","","0.0016","3750","1790545409000","true","true"
"2026-09-27","AXMUSDT","","","","0.0016","3750","1790545440000","true","true"
"2026-09-27","AXMUSDT","","","","0.0016","3750","1790545471000","false","true"
"2026-09-27","AXMUSDT","","","","0.0016","3750","1790545502000","false","true"
"2026-09-27","AXMUSDT","","","","0.0016","3750","1790545533000","false","true"
"2026-09-27","AXMUSDT","","","","0.0016","3125","1790545555000","false","true"
"2026-09-27","AXMUSDT","","","","0.0016","3750","1790545564000","true","true"
"2026-09-27","AXMUSDT","","","","0.0016","3125","1790545586000","true","true"
"2026-09-27","AXMUSDT","","","","0.0016","3750","1790545595000","true","true"
"2026-09-27","AXMUSDT","","","","0.0016","3125","1790545626000","false","true"
"2026-09-27","AXMUSDT","","","","0.0016","3125","1790545657000","false","true"
"2026-09-27","AXMUSDT","","","","0.0016","3125","1790545688000","true","true"
"2026-09-27","AXMUSDT","","","","0.0016","3750","1790545719000","true","true"
"2026-09-27","AXMUSDT","","","","0.0016","3750","1790545728000","true","true"
"2026-09-27","AXMUSDT","","","","0.0016","3750","1790545749000","false","true"
"2026-09-27","AXMUSDT","","","","0.0016","3750","1790545772000","true","true"
"2026-09-27","AXMUSDT","","","","0.0016","3750","1790545780000","false","true"
"2026-09-27","AXMUSDT","","","","0.0016","3750","1790545811000","true","true"
"2026-09-27","AXMUSDT","","","","0.0016","3750","1790545842000","false","true"
"2026-09-27","AXMUSDT","","","","0.0016","3750","1790545851000","true","true"
"2026-09-27","AXMUSDT","","","","0.0016","3750","1790545874000","true","true"
"2026-09-27","AXMUSDT","","","","0.0016","3750","1790545905000","false","true"
"2026-09-27","AXMUSDT","","","","0.0016","3125","1790545927000","true","true"
"2026-09-27","AXMUSDT","","","","0.0016","3750","1790545935000","true","true"
"2026-09-27","AXMUSDT","","","","0.0016","3750","1790545966000","true","true"
"2026-09-27","AXMUSDT","","","","0.0016","3750","1790545989000","false","true"
"2026-09-27","AXMUSDT","","","","0.0016","3750","1790545997000","true","true"
"2026-09-27","AXMUSDT","","","","0.0016","3125","1790546020000","true","true"
"2026-09-27","AXMUSDT","","","","0.0016","3750","1790546028000","false","true"
"2026-09-27","AXMUSDT","","","","0.0016","3750","1790546059000","false","true"
"2026-09-27","AXMUSDT","","","","0.0016","3738.31","1790546068000","true","true"
"2026-09-27","AXMUSDT","","","","0.0016","3115.26","1790546121000","true","true"
"2026-09-27","AXMUSDT","","","","0.0016","3125","1790546183000","true","true"
"2026-09-27","AXMUSDT","","","","0.0016","687.5","1790546196000","true","true"
"2026-09-27","AXMUSDT","","","","0.0016","687.5","1790546206000","true","true"
"2026-09-27","AXMUSDT","","","","0.0016","3050.81","1790546206000","false","true"
"2026-09-27","AXMUSDT","","","","0.0016","2427.76","1790546214000","false","true"
"2026-09-27","AXMUSDT","","","","0.0016","687.5","1790546214000","true","true"
"2026-09-27","AXMUSDT","","","","0.0016","3125","1790546245000","true","true"
"2026-09-27","AXMUSDT","","","","0.0016","3125","1790546276000","false","true"
"2026-09-27","AXMUSDT","","","","0.00159","687.5","1790546336000","true","true"
"2026-09-27","AXMUSDT","","","","0.0016","3125","1790546338000","true","true"
"2026-09-27","AXMUSDT","","","","0.0016","3125","1790546347000","false","true"
"2026-09-27","AXMUSDT","","","","0.0016","3125","1790546400000","false","true"
"2026-09-27","AXMUSDT","","","","0.0016","3125","1790546484000","false","true"
"2026-09-27","AXMUSDT","","","","0.0016","3125","1790546565000","false","true"
"2026-09-27","AXMUSDT","","","","0.0016","3125","1790546586000","false","true"
"2026-09-27","AXMUSDT","","","","0.0016","3115.26","1790546781000","true","true"
"2026-09-27","AXMUSDT","","","","0.0016","3125","1790546803000","false","true"
"2026-09-27","AXMUSDT","","","","0.0016","3125","1790547051000","true","true"
"2026-09-27","AXMUSDT","","","","0.0016","3125","1790547143000","true","true"
"2026-09-27","AXMUSDT","","","","0.0016","3125","1790547174000","false","true"
"2026-09-27","AXMUSDT","","","","0.0016","3125","1790547205000","false","true"
"2026-09-27","AXMUSDT","","","","0.0016","3125","1790547236000","true","true"
"2026-09-27","AXMUSDT","","","","0.0016","3125","1790547246000","false","true"
"2026-09-27","AXMUSDT","","","","0.0016","3115.26","1790547276000","true","true"
"2026-09-27","AXMUSDT","","","","0.0016","3125","1790547320000","false","true"
"2026-09-27","AXMUSDT","","","","0.0016","3125","1790547329000","false","true"
"2026-09-27","AXMUSDT","","","","0.0016","3125","1790547359000","false","true"
"2026-09-27","AXMUSDT","","","","0.0016","3125","1790547390000","true","true"
"2026-09-27","AXMUSDT","","","","0.0016","3125","1790547421000","true","true"
"2026-09-27","AXMUSDT","","","","0.0016","3125","1790547452000","true","true"
"2026-09-27","AXMUSDT","","","","0.0016","3125","1790547483000","true","true"
"2026-09-27","AXMUSDT","","","","0.0016","3125","1790547575000","true","true"
"2026-09-27","AXMUSDT","","","","0.0016","3125","1790547606000","true","true"
"2026-09-27","AXMUSDT","","","","0.0016","3125","1790547637000","false","true"
"2026-09-27","AXMUSDT","","","","0.0016","3125","1790547646000","false","true"
"2026-09-27","AXMUSDT","","","","0.0016","3125","1790547699000","true","true"
"2026-09-27","AXMUSDT","","","","0.0016","3125","1790547722000","true","true"
"2026-09-27","AXMUSDT","","","","0.0016","3125","1790547792000","false","true"
"2026-09-27","AXMUSDT","","","","0.0016","3125","1790547823000","false","true"
"2026-09-27","AXMUSDT","","","","0.0016","3125","1790547854000","true","true"
"2026-09-27","AXMUSDT","","","","0.0016","3125","1790547863000","true","true"
"2026-09-27","AXMUSDT","","","","0.0016","3125","1790547877000","false","true"
"2026-09-27","AXMUSDT","","","","0.0016","3125","1790547885000","true","true"
"2026-09-27","AXMUSDT","","","","0.0016","3115.26","1790547947000","true","true"
"2026-09-27","AXMUSDT","","","","0.0016","3115.26","1790548001000","true","true"
"2026-09-27","AXMUSDT","","","","0.0016","3125","1790548017000","true","true"
"2026-09-27","AXMUSDT","","","","0.0016","3125","1790548071000","false","true"
"2026-09-27","AXMUSDT","","","","0.0016","3125","1790548132000","true","true"
"2026-09-27","AXMUSDT","","","","0.0016","3125","1790548186000","true","true"
"2026-09-27","AXMUSDT","","","","0.0016","3125","1790548194000","false","true"
"2026-09-27","AXMUSDT","","","","0.0016","3125","1790548225000","true","true"
"2026-09-27","AXMUSDT","","","","0.0016","3115.26","1790548256000","true","true"
"2026-09-27","AXMUSDT","","","","0.0016","3125","1790548349000","false","true"
"2026-09-27","AXMUSDT","","","","0.0016","3125","1790548379000","false","true"
"2026-09-27","AXMUSDT","","","","0.0016","3125","1790548503000","false","true"
"2026-09-27","AXMUSDT","","","","0.0016","3125","1790548595000","false","true"
"2026-09-27","AXMUSDT","","","","0.0016","3125","1790548658000","false","true"
"2026-09-27","AXMUSDT","","","","0.0016","3125","1790548774000","true","true"
"2026-09-27","AXMUSDT","","","","0.0016","3125","1790548781000","true","true"
"2026-09-27","AXMUSDT","","","","0.0016","3125","1790548905000","false","true"
"2026-09-27","AXMUSDT","","","","0.0016","3125","1790548935000","true","true"
"2026-09-27","AXMUSDT","","","","0.0016","3125","1790548997000","false","true"
"2026-09-27","AXMUSDT","","","","0.0016","3125","1790549059000","false","true"
"2026-09-27","AXMUSDT","","","","0.0016","3125","1790549090000","true","true"
"2026-09-27","AXMUSDT","","","","0.0016","3125","1790549121000","true","true"
"2026-09-27","AXMUSDT","","","","0.0016","3125","1790549152000","true","true"
"2026-09-27","AXMUSDT","","","","0.0016","3125","1790549214000","true","true"
"2026-09-27","AXMUSDT","","","","0.0016","3125","1790549245000","false","true"
"2026-09-27","AXMUSDT","","","","0.0016","3125","1790549275000","true","true"
"2026-09-27","AXMUSDT","","","","0.0016","3125","1790549307000","false","true"
"2026-09-27","AXMUSDT","","","","0.0016","3125","1790549430000","true","true"
"2026-09-27","AXMUSDT","","","","0.0016","3125","1790549461000","true","true"
"2026-09-27","AXMUSDT","","","","0.0016","3125","1790549492000","false","true"
"2026-09-27","AXMUSDT","","","","0.0016","3125","1790549523000","false","true"
"2026-09-27","AXMUSDT","","","","0.0016","3125","1790549530000","true","true"
"2026-09-27","AXMUSDT","","","","0.0016","3125","1790549554000","true","true"
"2026-09-27","AXMUSDT","","","","0.0016","3125","1790549577000","true","true"
"2026-09-27","AXMUSDT","","","","0.0016","3125","1790549585000","false","true"
"2026-09-27","AXMUSDT","","","","0.0016","3125","1790549616000","false","true"
"2026-09-27","AXMUSDT","","","","0.0016","3115.26","1790549654000","true","true"
"2026-09-27","AXMUSDT","","","","0.0016","3125","1790549670000","true","true"
"2026-09-27","AXMUSDT","","","","0.0016","3125","1790549739000","false","true"
"2026-09-27","AXMUSDT","","","","0.0016","3125","1790549746000","true","true"
"2026-09-27","AXMUSDT","","","","0.0016","3115.26","1790549770000","true","true"
"2026-09-27","AXMUSDT","","","","0.0016","3115.26","1790549832000","true","true"
"2026-09-27","AXMUSDT","","","","0.0016","3125","1790549863000","false","true"
"2026-09-27","AXMUSDT","","","","0.0016","3125","1790549894000","true","true"
"2026-09-27","AXMUSDT","","","","0.0016","3125","1790549956000","false","true"
"2026-09-27","AXMUSDT","","","","0.0016","3125","1790550133000","false","true"
"2026-09-27","AXMUSDT","","","","0.0016","3125","1790550173000","true","true"
"2026-09-27","AXMUSDT","","","","0.0016","3125","1790550235000","false","true"
"2026-09-27","AXMUSDT","","","","0.0016","3125","1790550266000","true","true"
"2026-09-27","AXMUSDT","","","","0.0016","3125","1790550318000","false","true"
"2026-09-27","AXMUSDT","","","","0.0016","3125","1790550359000","true","true"
"2026-09-27","AXMUSDT","","","","0.0016","3125","1790550390000","false","true"
"2026-09-27","AXMUSDT","","","","0.0016","3125","1790550513000","false","true"
"2026-09-27","AXMUSDT","","","","0.0016","3125","1790550535000","false","true"
"2026-09-27","AXMUSDT","","","","0.0016","3115.26","1790550613000","true","true"
"2026-09-27","AXMUSDT","","","","0.0016","3125","1790550637000","false","true"
"2026-09-27","AXMUSDT","","","","0.0016","3125","1790550760000","true","true"
"2026-09-27","AXMUSDT","","","","0.0016","3125","1790550822000","true","true"
"2026-09-27","AXMUSDT","","","","0.0016","3125","1790550844000","false","true"
"2026-09-27","AXMUSDT","","","","0.0016","3125","1790550853000","false","true"
"2026-09-27","AXMUSDT","","","","0.0016","3125","1790550946000","true","true"
"2026-09-27","AXMUSDT","","","","0.0016","3125","1790550954000","false","true"
"2026-09-27","AXMUSDT","","","","0.0016","3125","1790551008000","true","true"
"2026-09-27","AXMUSDT","","","","0.0016","3125","1790551069000","false","true"
"2026-09-27","AXMUSDT","","","","0.0016","3125","1790551100000","false","true"
"2026-09-27","AXMUSDT","","","","0.0016","3125","1790551131000","true","true"
"2026-09-27","AXMUSDT","","","","0.0016","3125","1790551193000","true","true"
"2026-09-27","AXMUSDT","","","","0.0016","3125","1790551224000","true","true"
"2026-09-27","AXMUSDT","","","","0.0016","3125","1790551339000","false","true"
"2026-09-27","AXMUSDT","","","","0.0016","3125","1790551348000","false","true"
"2026-09-27","AXMUSDT","","","","0.0016","3125","1790551441000","false","true"
"2026-09-27","AXMUSDT","","","","0.0016","3125","1790551495000","true","true"
"2026-09-27","AXMUSDT","","","","0.0016","3125","1790551565000","true","true"
"2026-09-27","AXMUSDT","","","","0.0016","3125","1790551596000","true","true"
"2026-09-27","AXMUSDT","","","","0.0016","3125","1790551627000","true","true"
"2026-09-27","AXMUSDT","","","","0.0016","3125","1790551689000","false","true"
"2026-09-27","AXMUSDT","","","","0.0016","3115.26","1790551719000","true","true"
"2026-09-27","AXMUSDT","","","","0.0016","3125","1790551781000","true","true"
"2026-09-27","AXMUSDT","","","","0.00161","683.22","1790551784000","false","true"
"2026-09-27","AXMUSDT","","","","0.0016","3125","1790551821000","true","true"
"2026-09-27","AXMUSDT","","","","0.0016","3125","1790551936000","false","true"
"2026-09-27","AXMUSDT","","","","0.0016","3125","1790551937000","true","true"
"2026-09-27","AXMUSDT","","","","0.0016","3125","1790551959000","false","true"
"2026-09-27","AXMUSDT","","","","0.0016","3125","1790552060000","true","true"
"2026-09-27","AXMUSDT","","","","0.0016","3125","1790552083000","true","true"
"2026-09-27","AXMUSDT","","","","0.0016","3125","1790552099000","false","true"
"2026-09-27","AXMUSDT","","","","0.0016","3125","1790552185000","true","true"
"2026-09-27","AXMUSDT","","","","0.0016","3125","1790552192000","true","true"
"2026-09-27","AXMUSDT","","","","0.0016","3125","1790552215000","true","true"
"2026-09-27","AXMUSDT","","","","0.0016","3115.26","1790552370000","true","true"
"2026-09-27","AXMUSDT","","","","0.0016","3115.26","1790552401000","true","true"
"2026-09-27","AXMUSDT","","","","0.0016","3125","1790552426000","false","true"
"2026-09-27","AXMUSDT","","","","0.0016","3125","1790552432000","false","true"
"2026-09-27","AXMUSDT","","","","0.0016","3125","1790552525000","true","true"
"2026-09-27","AXMUSDT","","","","0.0016","3125","1790552556000","true","true"
"2026-09-27","AXMUSDT","","","","0.0016","3125","1790552596000","true","true"
"2026-09-27","AXMUSDT","","","","0.0016","3115.26","1790552710000","true","true"
"2026-09-27","AXMUSDT","","","","0.0016","3125","1790552736000","true","true"
"2026-09-27","AXMUSDT","","","","0.0016","3125","1790552834000","true","true"
"2026-09-27","AXMUSDT","","","","0.0016","3125","1790552927000","false","true"
"2026-09-27","AXMUSDT","","","","0.0016","3125","1790552958000","false","true"
"2026-09-27","AXMUSDT","","","","0.0016","3125","1790552983000","false","true"
"2026-09-27","AXMUSDT","","","","0.0016","3125","1790552989000","true","true"
"2026-09-27","AXMUSDT","","","","0.0016","3125","1790553050000","true","true"
"2026-09-27","AXMUSDT","","","","0.0016","3125","1790553081000","false","true"
"2026-09-27","AXMUSDT","","","","0.0016","3125","1790553112000","false","true"
"2026-09-27","AXMUSDT","","","","0.0016","3125","1790553143000","false","true"
"2026-09-27","AXMUSDT","","","","0.0016","3125","1790553174000","true","true"
"2026-09-27","AXMUSDT","","","","0.0016","3125","1790553267000","true","true"
"2026-09-27","AXMUSDT","","","","0.0016","3115.26","1790553390000","true","true"
"2026-09-27","AXMUSDT","","","","0.0016","3125","1790553421000","true","true"
"2026-09-27","AXMUSDT","","","","0.0016","3125","1790553525000","true","true"
"2026-09-27","AXMUSDT","","","","0.0016","3125","1790553545000","false","true"
"2026-09-27","XL1USDT","","","","0.0002143","36231.97","1790485325000","true","true"
"2026-09-27","XL1USDT","","","","0.0002145","43957.51","1790485463000","true","true"
"2026-09-27","XL1USDT","","","","0.0002146","44252.49","1790485576000","true","true"
"2026-09-27","XL1USDT","","","","0.0002145","28968.99","1790485701000","true","true"
"2026-09-27","XL1USDT","","","","0.0002145","34753","1790485747000","false","true"
"2026-09-27","XL1USDT","","","","0.0002145","28303.07","1790485915000","true","true"
"2026-09-27","XL1USDT","","","","0.0002147","29105.2","1790486058000","true","true"
"2026-09-27","XL1USDT","","","","0.0002145","44484.92","1790486095000","true","true"
"2026-09-27","XL1USDT","","","","0.0002145","41740.86","1790486205000","false","true"
"2026-09-27","XL1USDT","","","","0.0002147","27905.17","1790486299000","false","true"
"2026-09-27","XL1USDT","","","","0.0002146","37660.34","1790486442000","true","true"
"2026-09-27","XL1USDT","","","","0.0002145","30787.45","1790486480000","false","true"
"2026-09-27","XL1USDT","","","","0.0002146","28215.22","1790486543000","false","true"
"2026-09-27","XL1USDT","","","","0.0002147","48979.64","1790486643000","true","true"
"2026-09-27","XL1USDT","","","","0.0002147","47011.14","1790486715000","true","true"
"2026-09-27","XL1USDT","","","","0.0002146","37810.33","1790486827000","true","true"
"2026-09-27","XL1USDT","","","","0.0002148","34267.08","1790486968000","false","true"
"2026-09-27","XL1USDT","","","","0.0002148","35853.5","1790487168000","true","true"
"2026-09-27","XL1USDT","","","","0.0002149","42872.5","1790487338000","false","true"
"2026-09-27","XL1USDT","","","","0.0002156","49182.19","1790487479000","true","true"
"2026-09-27","XL1USDT","","","","0.0002156","38671.19","1790487656000","true","true"
"2026-09-27","XL1USDT","","","","0.0002154","40709.59","1790487806000","false","true"
"2026-09-27","XL1USDT","","","","0.0002154","46888.96","1790487857000","false","true"
"2026-09-27","XL1USDT","","","","0.0002154","48380.31","1790487942000","true","true"
"2026-09-27","XL1USDT","","","","0.0002154","29327.43","1790487991000","false","true"
"2026-09-27","XL1USDT","","","","0.0002158","49994.5","1790488037000","true","true"
"2026-09-27","XL1USDT","","","","0.0002156","30829.18","1790488100000","true","true"
"2026-09-27","XL1USDT","","","","0.0002157","27086.54","1790488142000","false","true"
"2026-09-27","XL1USDT","","","","0.0002155","41970.46","1790488319000","false","true"
"2026-09-27","XL1USDT","","","","0.0002155","37685.72","1790488433000","false","true"
"2026-09-27","XL1USDT","","","","0.0002153","34638.05","1790488500000","false","true"
"2026-09-27","XL1USDT","","","","0.0002153","37830.27","1790488592000","true","true"
"2026-09-27","XL1USDT","","","","0.0002155","27385.08","1790488714000","false","true"
"2026-09-27","XL1USDT","","","","0.0002154","48483.34","1790488814000","false","true"
"2026-09-27","XL1USDT","","","","0.0002154","42300.49","1790488948000","false","true"
"2026-09-27","XL1USDT","","","","0.0002156","38964.13","1790489148000","true","true"
"2026-09-27","XL1USDT","","","","0.0002156","36129.43","1790489190000","true","true"
"2026-09-27","XL1USDT","","","","0.0002159","31284.31","1790489364000","false","true"
"2026-09-27","XL1USDT","","","","0.0002159","47490.97","1790489547000","true","true"
"2026-09-27","XL1USDT","","","","0.0002157","43352.95","1790489614000","true","true"
"2026-09-27","XL1USDT","","","","0.0002158","38827.53","1790489783000","false","true"
"2026-09-27","XL1USDT","","","","0.0002157","34404.64","1790489863000","true","true"
"2026-09-27","XL1USDT","","","","0.0002158","31790.15","1790489966000","true","true"
"2026-09-27","XL1USDT","","","","0.0002143","12258.5","1790490006000","false","true"
"2026-09-27","XL1USDT","","","","0.0002142","36000","1790490006000","false","true"
"2026-09-27","XL1USDT","","","","0.0002139","29171.91","1790490101000","false","true"
"2026-09-27","XL1USDT","","","","0.0002123","43832.92","1790490149000","true","true"
"2026-09-27","XL1USDT","","","","0.0002123","32989.51","1790490217000","true","true"
"2026-09-27","XL1USDT","","","","0.0002126","45271.12","1790490327000","true","true"
"2026-09-27","XL1USDT","","","","0.0002107","37966.54","1790490500000","true","true"
"2026-09-27","XL1USDT","","","","0.0002107","34227.38","1790490658000","true","true"
"2026-09-27","XL1USDT","","","","0.0002104","34832.61","1790490756000","false","true"
"2026-09-27","XL1USDT","","","","0.0002104","43503.35","1790490793000","false","true"
"2026-09-27","XL1USDT","","","","0.0002102","48400.11","1790490932000","false","true"
"2026-09-27","XL1USDT","","","","0.0002103","27614.21","1790491001000","true","true"
"2026-09-27","XL1USDT","","","","0.0002104","33809.91","1790491186000","false","true"
"2026-09-27","XL1USDT","","","","0.0002102","44985.31","1790491238000","true","true"
"2026-09-27","XL1USDT","","","","0.0002104","33017.88","1790491409000","false","true"
"2026-09-27","XL1USDT","","","","0.0002104","25250.17","1790491540000","false","true"
"2026-09-27","XL1USDT","","","","0.0002103","32762.09","1790491736000","true","true"
"2026-09-27","XL1USDT","","","","0.0002104","49581.87","1790491796000","true","true"
"2026-09-27","XL1USDT","","","","0.0002102","34146.4","1790491891000","true","true"
"2026-09-27","XL1USDT","","","","0.0002105","28637.61","1790492043000","false","true"
"2026-09-27","XL1USDT","","","","0.0002105","33085.83","1790492187000","false","true"
"2026-09-27","XL1USDT","","","","0.0002102","30767.44","1790492333000","false","true"
"2026-09-27","XL1USDT","","","","0.0002103","28061.76","1790492388000","true","true"
"2026-09-27","XL1USDT","","","","0.0002105","42968.06","1790492528000","false","true"
"2026-09-27","XL1USDT","","","","0.0002097","48107.98","1790492657000","true","true"
"2026-09-27","XL1USDT","","","","0.0002097","30304.6","1790492820000","true","true"
"2026-09-27","XL1USDT","","","","0.0002086","30290.67","1790492929000","true","true"
"2026-09-27","XL1USDT","","","","0.0002087","26226.6","1790492969000","false","true"
"2026-09-27","XL1USDT","","","","0.0002086","42530.43","1790493070000","true","true"
"2026-09-27","XL1USDT","","","","0.0002084","36649.31","1790493247000","true","true"
"2026-09-27","XL1USDT","","","","0.0002086","43843.55","1790493290000","true","true"
"2026-09-27","XL1USDT","","","","0.0002078","42242.02","1790493380000","false","true"
"2026-09-27","XL1USDT","","","","0.0002079","35940.74","1790493495000","false","true"
"2026-09-27","XL1USDT","","","","0.0002077","29237.47","1790493584000","true","true"
"2026-09-27","XL1USDT","","","","0.0002078","48990.07","1790493627000","true","true"
"2026-09-27","XL1USDT","","","","0.0002078","25561.28","1790493819000","true","true"
"2026-09-27","XL1USDT","","","","0.0002079","43132.11","1790493921000","false","true"
"2026-09-27","XL1USDT","","","","0.000208","31223.93","1790493996000","true","true"
"2026-09-27","XL1USDT","","","","0.0002079","39795.08","1790494030000","false","true"
"2026-09-27","XL1USDT","","","","0.0002088","18000","1790494185000","false","true"
"2026-09-27","XL1USDT","","","","0.0002087","18000","1790494185000","false","true"
"2026-09-27","XL1USDT","","","","0.0002084","18000","1790494185000","false","true"
"2026-09-27","XL1USDT","","","","0.0002086","18000","1790494185000","false","true"
"2026-09-27","XL1USDT","","","","0.0002085","36000","1790494185000","false","true"
"2026-09-27","XL1USDT","","","","0.0002081","25668.82","1790494203000","false","true"
"2026-09-27","XL1USDT","","","","0.0002086","3820.31","1790494252000","false","true"
"2026-09-27","XL1USDT","","","","0.0002084","18000","1790494252000","false","true"
"2026-09-27","XL1USDT","","","","0.0002085","18000","1790494252000","false","true"
"2026-09-27","XL1USDT","","","","0.0002079","28716.43","1790494329000","true","true"
"2026-09-27","XL1USDT","","","","0.0002082","26976.3","1790494442000","true","true"
"2026-09-27","XL1USDT","","","","0.0002081","49729.21","1790494517000","false","true"
"2026-09-27","XL1USDT","","","","0.0002082","25043.14","1790494559000","false","true"
"2026-09-27","XL1USDT","","","","0.0002081","29964.54","1790494668000","true","true"
"2026-09-27","XL1USDT","","","","0.0002081","28885.99","1790494852000","false","true"
"2026-09-27","XL1USDT","","","","0.0002083","29943.68","1790494927000","true","true"
"2026-09-27","XL1USDT","","","","0.0002084","42478.73","1790495112000","false","true"
"2026-09-27","XL1USDT","","","","0.0002081","44375.59","1790495201000","false","true"
"2026-09-27","XL1USDT","","","","0.0002086","37651.17","1790495335000","false","true"
"2026-09-27","XL1USDT","","","","0.0002086","40750.62","1790495383000","true","true"
"2026-09-27","XL1USDT","","","","0.0002086","48668.45","1790495525000","false","true"
"2026-09-27","XL1USDT","","","","0.0002084","40065.37","1790495621000","true","true"
"2026-09-27","XL1USDT","","","","0.0002084","26396.12","1790495661000","false","true"
"2026-09-27","XL1USDT","","","","0.0002084","48992.59","1790495821000","false","true"
"2026-09-27","XL1USDT","","","","0.0002088","49004.62","1790496016000","false","true"
"2026-09-27","XL1USDT","","","","0.0002086","39592.28","1790496204000","false","true"
"2026-09-27","XL1USDT","","","","0.0002084","47527.9","1790496330000","false","true"
"2026-09-27","XL1USDT","","","","0.0002088","28266.91","1790496414000","false","true"
"2026-09-27","XL1USDT","","","","0.0002087","45884.15","1790496568000","false","true"
"2026-09-27","XL1USDT","","","","0.0002084","39414.78","1790496780000","true","true"
"2026-09-27","XL1USDT","","","","0.0002084","27801.05","1790496877000","false","true"
"2026-09-27","XL1USDT","","","","0.0002087","44693.84","1790497045000","true","true"
"2026-09-27","XL1USDT","","","","0.0002084","34870.73","1790497246000","false","true"
"2026-09-27","XL1USDT","","","","0.0002088","47295.03","1790497368000","true","true"
"2026-09-27","XL1USDT","","","","0.0002086","49158.88","1790497444000","false","true"
"2026-09-27","XL1USDT","","","","0.0002087","44317.85","1790497581000","false","true"
"2026-09-27","XL1USDT","","","","0.0002084","35223.82","1790497748000","false","true"
"2026-09-27","XL1USDT","","","","0.0002086","41930.45","1790497828000","false","true"
"2026-09-27","XL1USDT","","","","0.0002087","29000.42","1790497963000","false","true"
"2026-09-27","XL1USDT","","","","0.000209","25829.79","1790498131000","true","true"
"2026-09-27","XL1USDT","","","","0.0002088","37837.92","1790498204000","false","true"
"2026-09-27","XL1USDT","","","","0.0002087","40974.86","1790498329000","false","true"
"2026-09-27","XL1USDT","","","","0.0002086","46391.78","1790498402000","false","true"
"2026-09-27","XL1USDT","","","","0.0002085","25618.66","1790498596000","false","true"
"2026-09-27","XL1USDT","","","","0.0002084","41220.07","1790498780000","true","true"
"2026-09-27","XL1USDT","","","","0.0002082","34977.35","1790498845000","true","true"
"2026-09-27","XL1USDT","","","","0.0002085","30260.44","1790498982000","false","true"
"2026-09-27","XL1USDT","","","","0.0002086","42423.43","1790499045000","false","true"
"2026-09-27","XL1USDT","","","","0.0002084","30990.55","1790499126000","false","true"
"2026-09-27","XL1USDT","","","","0.0002084","44327.96","1790499314000","true","true"
"2026-09-27","XL1USDT","","","","0.0002084","28560.29","1790499467000","true","true"
"2026-09-27","XL1USDT","","","","0.0002082","32481.52","1790499620000","true","true"
"2026-09-27","XL1USDT","","","","0.0002082","40829.42","1790499792000","true","true"
"2026-09-27","XL1USDT","","","","0.0002084","46629.06","1790499887000","true","true"
"2026-09-27","XL1USDT","","","","0.0002083","46796.78","1790499963000","true","true"
"2026-09-27","XL1USDT","","","","0.0002086","36000","1790500014000","false","true"
"2026-09-27","XL1USDT","","","","0.0002087","5402.84","1790500014000","false","true"
"2026-09-27","XL1USDT","","","","0.000208","30066.59","1790500062000","true","true"
"2026-09-27","XL1USDT","","","","0.0002079","34420.34","1790500203000","false","true"
"2026-09-27","XL1USDT","","","","0.0002079","27019.11","1790500313000","false","true"
"2026-09-27","XL1USDT","","","","0.0002079","35755.15","1790500412000","false","true"
"2026-09-27","XL1USDT","","","","0.0002081","33638.01","1790500586000","false","true"
"2026-09-27","XL1USDT","","","","0.000208","39639.85","1790500689000","false","true"
"2026-09-27","XL1USDT","","","","0.0002081","28673","1790500798000","true","true"
"2026-09-27","XL1USDT","","","","0.0002079","31901.71","1790500958000","true","true"
"2026-09-27","XL1USDT","","","","0.0002078","34823.48","1790501002000","false","true"
"2026-09-27","XL1USDT","","","","0.0002081","29282.33","1790501183000","true","true"
"2026-09-27","XL1USDT","","","","0.0002082","40479.18","1790501345000","true","true"
"2026-09-27","XL1USDT","","","","0.0002082","30581.46","1790501468000","true","true"
"2026-09-27","XL1USDT","","","","0.000208","29068.39","1790501622000","true","true"
"2026-09-27","XL1USDT","","","","0.0002083","44692.28","1790501664000","true","true"
"2026-09-27","XL1USDT","","","","0.0002082","33774.83","1790501790000","false","true"
"2026-09-27","XL1USDT","","","","0.0002082","35200.24","1790501863000","false","true"
"2026-09-27","XL1USDT","","","","0.0002086","18000","1790501881000","false","true"
"2026-09-27","XL1USDT","","","","0.0002087","19376.61","1790501881000","false","true"
"2026-09-27","XL1USDT","","","","0.0002082","36629.6","1790502000000","true","true"
"2026-09-27","XL1USDT","","","","0.0002084","26947.41","1790502181000","false","true"
"2026-09-27","XL1USDT","","","","0.0002082","46044.95","1790502214000","false","true"
"2026-09-27","XL1USDT","","","","0.0002081","42935.3","1790502305000","false","true"
"2026-09-27","XL1USDT","","","","0.0002084","45248","1790502419000","true","true"
"2026-09-27","XL1USDT","","","","0.0002085","44384.07","1790502513000","false","true"
"2026-09-27","XL1USDT","","","","0.0002084","49474.79","1790502651000","false","true"
"2026-09-27","XL1USDT","","","","0.0002086","39053.16","1790502727000","false","true"
"2026-09-27","XL1USDT","","","","0.0002083","28859.51","1790502806000","false","true"
"2026-09-27","XL1USDT","","","","0.0002082","39283.09","1790502967000","true","true"
"2026-09-27","XL1USDT","","","","0.0002082","26918.19","1790503066000","false","true"
"2026-09-27","XL1USDT","","","","0.0002085","31780.48","1790503214000","false","true"
"2026-09-27","XL1USDT","","","","0.0002082","26261.71","1790503386000","true","true"
"2026-09-27","XL1USDT","","","","0.0002084","30467.29","1790503473000","true","true"
"2026-09-27","XL1USDT","","","","0.0002082","27912.74","1790503604000","true","true"
"2026-09-27","XL1USDT","","","","0.0002085","25910.09","1790503725000","false","true"
"2026-09-27","XL1USDT","","","","0.0002084","36012.08","1790503808000","false","true"
"2026-09-27","XL1USDT","","","","0.0002084","27443.67","1790503953000","false","true"
"2026-09-27","XL1USDT","","","","0.0002086","35743.99","1790504094000","true","true"
"2026-09-27","XL1USDT","","","","0.0002084","32347.7","1790504236000","true","true"
"2026-09-27","XL1USDT","","","","0.0002085","46928.48","1790504336000","true","true"
"2026-09-27","XL1USDT","","","","0.0002084","46780.5","1790504386000","true","true"
"2026-09-27","XL1USDT","","","","0.0002084","38744.73","1790504488000","false","true"
"2026-09-27","XL1USDT","","","","0.0002083","49636.29","1790504578000","true","true"
"2026-09-27","XL1USDT","","","","0.0002081","30267.07","1790504730000","false","true"
"2026-09-27","XL1USDT","","","","0.0002083","37675.97","1790504813000","true","true"
"2026-09-27","XL1USDT","","","","0.0002082","32888.98","1790504933000","false","true"
"2026-09-27","XL1USDT","","","","0.0002081","30081.51","1790505105000","false","true"
"2026-09-27","XL1USDT","","","","0.0002081","32610.35","1790505251000","true","true"
"2026-09-27","XL1USDT","","","","0.0002082","30559.9","1790505290000","true","true"
"2026-09-27","XL1USDT","","","","0.0002082","43243.2","1790505443000","false","true"
"2026-09-27","XL1USDT","","","","0.000208","33835.99","1790505506000","false","true"
"2026-09-27","XL1USDT","","","","0.0002081","33352.99","1790505637000","false","true"
"2026-09-27","XL1USDT","","","","0.0002081","44506.19","1790505740000","true","true"
"2026-09-27","XL1USDT","","","","0.0002079","43481.89","1790505930000","false","true"
"2026-09-27","XL1USDT","","","","0.0002079","33264.25","1790506036000","true","true"
"2026-09-27","XL1USDT","","","","0.0002082","33728.07","1790506192000","false","true"
"2026-09-27","XL1USDT","","","","0.000208","27141.88","1790506261000","false","true"
"2026-09-27","XL1USDT","","","","0.0002079","26290.28","1790506390000","false","true"
"2026-09-27","XL1USDT","","","","0.0002078","26470.57","1790506472000","true","true"
"2026-09-27","XL1USDT","","","","0.0002078","31429.5","1790506572000","true","true"
"2026-09-27","XL1USDT","","","","0.0002081","31697.57","1790506655000","false","true"
"2026-09-27","XL1USDT","","","","0.000208","47112.07","1790506833000","true","true"
"2026-09-27","XL1USDT","","","","0.000208","29699.32","1790507031000","false","true"
"2026-09-27","XL1USDT","","","","0.0002081","32295.12","1790507080000","true","true"
"2026-09-27","XL1USDT","","","","0.0002079","29843.31","1790507121000","false","true"
"2026-09-27","XL1USDT","","","","0.000208","28733.09","1790507230000","false","true"
"2026-09-27","XL1USDT","","","","0.000208","30104.47","1790507346000","true","true"
"2026-09-27","XL1USDT","","","","0.0002079","38071.35","1790507436000","true","true"
"2026-09-27","XL1USDT","","","","0.0002081","39736.84","1790507560000","true","true"
"2026-09-27","XL1USDT","","","","0.0002081","45109.26","1790507701000","false","true"
"2026-09-27","XL1USDT","","","","0.0002078","42300.92","1790507899000","false","true"
"2026-09-27","XL1USDT","","","","0.0002077","48546.62","1790507978000","true","true"
"2026-09-27","XL1USDT","","","","0.0002078","49829.65","1790508031000","true","true"
"2026-09-27","XL1USDT","","","","0.0002078","38175.17","1790508113000","false","true"
"2026-09-27","XL1USDT","","","","0.0002081","25306.79","1790508309000","true","true"
"2026-09-27","XL1USDT","","","","0.000208","30903.26","1790508491000","false","true"
"2026-09-27","XL1USDT","","","","0.0002081","30795.95","1790508678000","false","true"
"2026-09-27","XL1USDT","","","","0.0002079","44866.54","1790508824000","false","true"
"2026-09-27","XL1USDT","","","","0.0002078","34472.25","1790508864000","true","true"
"2026-09-27","XL1USDT","","","","0.0002078","29007.65","1790508923000","false","true"
"2026-09-27","XL1USDT","","","","0.0002077","26719.24","1790508965000","false","true"
"2026-09-27","XL1USDT","","","","0.0002078","42626.18","1790509069000","true","true"
"2026-09-27","XL1USDT","","","","0.0002079","36340.35","1790509214000","true","true"
"2026-09-27","XL1USDT","","","","0.0002078","48088.28","1790509325000","true","true"
"2026-09-27","XL1USDT","","","","0.0002079","46842.32","1790509467000","false","true"
"2026-09-27","XL1USDT","","","","0.0002079","37747.36","1790509508000","true","true"
"2026-09-27","XL1USDT","","","","0.0002078","45058.68","1790509705000","false","true"
"2026-09-27","XL1USDT","","","","0.0002077","29175.99","1790509754000","true","true"
"2026-09-27","XL1USDT","","","","0.0002079","40865.1","1790509884000","true","true"
"2026-09-27","XL1USDT","","","","0.0002079","29788.2","1790509943000","false","true"
"2026-09-27","XL1USDT","","","","0.000208","39536.89","1790510036000","false","true"
"2026-09-27","XL1USDT","","","","0.0002081","44744.28","1790510198000","false","true"
"2026-09-27","XL1USDT","","","","0.0002079","29487.9","1790510252000","false","true"
"2026-09-27","XL1USDT","","","","0.0002079","38353.1","1790510315000","true","true"
"2026-09-27","XL1USDT","","","","0.0002079","41858.98","1790510480000","false","true"
"2026-09-27","XL1USDT","","","","0.0002081","43180.61","1790510632000","true","true"
"2026-09-27","XL1USDT","","","","0.0002082","44639.95","1790510796000","true","true"
"2026-09-27","XL1USDT","","","","0.0002092","37542.17","1790510983000","true","true"
"2026-09-27","XL1USDT","","","","0.0002082","42045.19","1790511155000","true","true"
"2026-09-27","XL1USDT","","","","0.0002083","33903.45","1790511336000","false","true"
"2026-09-27","XL1USDT","","","","0.0002076","33916.14","1790511453000","true","true"
"2026-09-27","XL1USDT","","","","0.0002075","27652.94","1790511653000","false","true"
"2026-09-27","XL1USDT","","","","0.0002074","29703.68","1790511838000","false","true"
"2026-09-27","XL1USDT","","","","0.0002075","32693.6","1790511976000","true","true"
"2026-09-27","XL1USDT","","","","0.0002074","26855.72","1790512007000","true","true"
"2026-09-27","XL1USDT","","","","0.0002076","27517.84","1790512053000","false","true"
"2026-09-27","XL1USDT","","","","0.0002073","27031.6","1790512112000","true","true"
"2026-09-27","XL1USDT","","","","0.0002075","37271.38","1790512295000","false","true"
"2026-09-27","XL1USDT","","","","0.0002073","30303.15","1790512381000","false","true"
"2026-09-27","XL1USDT","","","","0.0002075","43069.37","1790512525000","true","true"
"2026-09-27","XL1USDT","","","","0.0002076","39763.7","1790512659000","true","true"
"2026-09-27","XL1USDT","","","","0.0002076","26225.21","1790512763000","false","true"
"2026-09-27","XL1USDT","","","","0.0002076","43541.12","1790512958000","true","true"
"2026-09-27","XL1USDT","","","","0.0002077","25190.47","1790513123000","true","true"
"2026-09-27","XL1USDT","","","","0.0002075","38267.06","1790513301000","true","true"
"2026-09-27","XL1USDT","","","","0.0002084","3825.71","1790513305000","false","true"
"2026-09-27","XL1USDT","","","","0.0002083","18000","1790513305000","false","true"
"2026-09-27","XL1USDT","","","","0.0002082","36000","1790513305000","false","true"
"2026-09-27","XL1USDT","","","","0.0002081","18000","1790513305000","false","true"
"2026-09-27","XL1USDT","","","","0.0002085","18000","1790513307000","false","true"
"2026-09-27","XL1USDT","","","","0.0002086","18000","1790513307000","false","true"
"2026-09-27","XL1USDT","","","","0.0002084","14174.29","1790513307000","false","true"
"2026-09-27","XL1USDT","","","","0.0002087","45703.29","1790513307000","false","true"
"2026-09-27","XL1USDT","","","","0.0002074","26289.59","1790513470000","false","true"
"2026-09-27","XL1USDT","","","","0.0002074","32688.57","1790513572000","false","true"
"2026-09-27","XL1USDT","","","","0.0002074","25546.27","1790513773000","false","true"
"2026-09-27","XL1USDT","","","","0.0002071","47410.62","1790513823000","false","true"
"2026-09-27","XL1USDT","","","","0.000207","46202.76","1790513980000","true","true"
"2026-09-27","XL1USDT","","","","0.0002067","43022.24","1790514121000","false","true"
"2026-09-27","XL1USDT","","","","0.0002067","43968.79","1790514254000","false","true"
"2026-09-27","XL1USDT","","","","0.0002066","30762.47","1790514319000","false","true"
"2026-09-27","XL1USDT","","","","0.0002067","43405.92","1790514512000","false","true"
"2026-09-27","XL1USDT","","","","0.0002068","34160.17","1790514621000","false","true"
"2026-09-27","XL1USDT","","","","0.0002068","29894.84","1790514640000","true","true"
"2026-09-27","XL1USDT","","","","0.0002068","33175.14","1790514732000","false","true"
"2026-09-27","XL1USDT","","","","0.0002065","27297.74","1790514850000","false","true"
"2026-09-27","XL1USDT","","","","0.0002066","40270.49","1790515014000","false","true"
"2026-09-27","XL1USDT","","","","0.0002065","45567.72","1790515064000","true","true"
"2026-09-27","XL1USDT","","","","0.0002068","31964.62","1790515205000","false","true"
"2026-09-27","XL1USDT","","","","0.0002068","49893.66","1790515394000","true","true"
"2026-09-27","XL1USDT","","","","0.0002068","45594.08","1790515534000","true","true"
"2026-09-27","XL1USDT","","","","0.0002071","29772.38","1790515695000","false","true"
"2026-09-27","XL1USDT","","","","0.0002072","38093.76","1790515848000","false","true"
"2026-09-27","XL1USDT","","","","0.0002074","29533.96","1790515952000","false","true"
"2026-09-27","XL1USDT","","","","0.0002074","33052.05","1790516036000","false","true"
"2026-09-27","XL1USDT","","","","0.0002072","29443.26","1790516135000","false","true"
"2026-09-27","XL1USDT","","","","0.0002072","44603.82","1790516153000","false","true"
"2026-09-27","XL1USDT","","","","0.0002073","45837.61","1790516206000","true","true"
"2026-09-27","XL1USDT","","","","0.0002068","27288.53","1790516257000","true","true"
"2026-09-27","XL1USDT","","","","0.0002069","45681.57","1790516358000","true","true"
"2026-09-27","XL1USDT","","","","0.0002067","35654.25","1790516418000","false","true"
"2026-09-27","XL1USDT","","","","0.0002067","41653.05","1790516462000","false","true"
"2026-09-27","XL1USDT","","","","0.0002069","30749.64","1790516615000","true","true"
"2026-09-27","XL1USDT","","","","0.0002068","28563.2","1790516804000","true","true"
"2026-09-27","XL1USDT","","","","0.0002068","30414.17","1790516914000","false","true"
"2026-09-27","XL1USDT","","","","0.0002068","47100.74","1790517035000","true","true"
"2026-09-27","XL1USDT","","","","0.0002068","38378.1","1790517130000","false","true"
"2026-09-27","XL1USDT","","","","0.0002068","25742.3","1790517182000","false","true"
"2026-09-27","XL1USDT","","","","0.0002068","46557.56","1790517305000","true","true"
"2026-09-27","XL1USDT","","","","0.000207","36247.58","1790517371000","false","true"
"2026-09-27","XL1USDT","","","","0.0002071","34631.57","1790517499000","false","true"
"2026-09-27","XL1USDT","","","","0.0002073","48110.79","1790517685000","true","true"
"2026-09-27","XL1USDT","","","","0.0002068","29103.39","1790517834000","true","true"
"2026-09-27","XL1USDT","","","","0.000207","43012.39","1790517912000","true","true"
"2026-09-27","XL1USDT","","","","0.0002069","33260.08","1790517992000","true","true"
"2026-09-27","XL1USDT","","","","0.000207","37358.86","1790518120000","true","true"
"2026-09-27","XL1USDT","","","","0.0002075","18000","1790518307000","false","true"
"2026-09-27","XL1USDT","","","","0.0002076","28874.02","1790518307000","false","true"
"2026-09-27","XL1USDT","","","","0.0002072","28085.33","1790518349000","true","true"
"2026-09-27","XL1USDT","","","","0.0002071","37602.21","1790518427000","false","true"
"2026-09-27","XL1USDT","","","","0.000207","49401.93","1790518577000","true","true"
"2026-09-27","XL1USDT","","","","0.0002069","49533.38","1790518627000","false","true"
"2026-09-27","XL1USDT","","","","0.0002068","49262.68","1790518808000","false","true"
"2026-09-27","XL1USDT","","","","0.0002067","33639.81","1790518975000","false","true"
"2026-09-27","XL1USDT","","","","0.0002066","49748.25","1790519112000","false","true"
"2026-09-27","XL1USDT","","","","0.0002062","38692.21","1790519161000","false","true"
"2026-09-27","XL1USDT","","","","0.0002059","39847.16","1790519291000","false","true"
"2026-09-27","XL1USDT","","","","0.0002053","35788.77","1790519455000","false","true"
"2026-09-27","XL1USDT","","","","0.0002059","26531.36","1790519544000","true","true"
"2026-09-27","XL1USDT","","","","0.000206","32799.23","1790519669000","true","true"
"2026-09-27","XL1USDT","","","","0.0002058","32062.03","1790519735000","false","true"
"2026-09-27","XL1USDT","","","","0.0002059","41155.62","1790519845000","true","true"
"2026-09-27","XL1USDT","","","","0.0002056","28267.28","1790520026000","false","true"
"2026-09-27","XL1USDT","","","","0.0002056","31604.67","1790520102000","false","true"
"2026-09-27","XL1USDT","","","","0.0002057","39208.57","1790520226000","true","true"
"2026-09-27","XL1USDT","","","","0.0002058","27245.72","1790520421000","false","true"
"2026-09-27","XL1USDT","","","","0.0002053","31019.09","1790520550000","true","true"
"2026-09-27","XL1USDT","","","","0.0002057","25641.66","1790520703000","true","true"
"2026-09-27","XL1USDT","","","","0.0002055","34124.61","1790520828000","true","true"
"2026-09-27","XL1USDT","","","","0.0002055","49638.63","1790520939000","true","true"
"2026-09-27","XL1USDT","","","","0.0002057","32665.16","1790521060000","false","true"
"2026-09-27","XL1USDT","","","","0.0002057","28749.49","1790521205000","true","true"
"2026-09-27","XL1USDT","","","","0.0002053","35907.02","1790521317000","false","true"
"2026-09-27","XL1USDT","","","","0.0002054","29952.85","1790521497000","true","true"
"2026-09-27","XL1USDT","","","","0.0002054","26417.42","1790521682000","false","true"
"2026-09-27","XL1USDT","","","","0.0002054","49346.57","1790521831000","false","true"
"2026-09-27","XL1USDT","","","","0.0002056","31246.79","1790521902000","true","true"
"2026-09-27","XL1USDT","","","","0.0002055","40512.93","1790521964000","false","true"
"2026-09-27","XL1USDT","","","","0.0002054","25669.84","1790522147000","true","true"
"2026-09-27","XL1USDT","","","","0.0002057","41122.34","1790522344000","false","true"
"2026-09-27","XL1USDT","","","","0.0002058","33189.05","1790522503000","true","true"
"2026-09-27","XL1USDT","","","","0.0002059","27612.85","1790522664000","false","true"
"2026-09-27","XL1USDT","","","","0.0002055","46138.43","1790522801000","true","true"
"2026-09-27","XL1USDT","","","","0.0002053","27421.13","1790522885000","true","true"
"2026-09-27","XL1USDT","","","","0.0002057","40946.96","1790523018000","true","true"
"2026-09-27","XL1USDT","","","","0.0002056","30151.23","1790523194000","true","true"
"2026-09-27","XL1USDT","","","","0.0002055","33132.88","1790523270000","true","true"
"2026-09-27","XL1USDT","","","","0.0002054","32385.65","1790523354000","false","true"
"2026-09-27","XL1USDT","","","","0.0002056","43689.08","1790523501000","true","true"
"2026-09-27","XL1USDT","","","","0.0002054","37416.21","1790523615000","false","true"
"2026-09-27","XL1USDT","","","","0.0002054","33251.44","1790523673000","false","true"
"2026-09-27","XL1USDT","","","","0.0002057","35028.73","1790523752000","true","true"
"2026-09-27","XL1USDT","","","","0.0002056","42879.98","1790523800000","true","true"
"2026-09-27","XL1USDT","","","","0.0002056","30683.23","1790523997000","false","true"
"2026-09-27","XL1USDT","","","","0.0002056","41341.53","1790524041000","false","true"
"2026-09-27","XL1USDT","","","","0.0002057","37053.65","1790524080000","false","true"
"2026-09-27","XL1USDT","","","","0.0002058","45947.61","1790524252000","false","true"
"2026-09-27","XL1USDT","","","","0.0002058","31130.64","1790524436000","false","true"
"2026-09-27","XL1USDT","","","","0.0002057","34676.91","1790524626000","false","true"
"2026-09-27","XL1USDT","","","","0.0002058","33235.37","1790524704000","false","true"
"2026-09-27","XL1USDT","","","","0.0002055","31767.64","1790524897000","false","true"
"2026-09-27","XL1USDT","","","","0.0002055","33759.16","1790524943000","false","true"
"2026-09-27","XL1USDT","","","","0.0002056","28704.33","1790525060000","true","true"
"2026-09-27","XL1USDT","","","","0.0002056","40781.48","1790525180000","true","true"
"2026-09-27","XL1USDT","","","","0.0002059","45797.34","1790525244000","false","true"
"2026-09-27","XL1USDT","","","","0.0002057","28056.41","1790525432000","false","true"
"2026-09-27","XL1USDT","","","","0.0002058","43848.93","1790525490000","true","true"
"2026-09-27","XL1USDT","","","","0.0002057","43874.35","1790525697000","true","true"
"2026-09-27","XL1USDT","","","","0.0002057","49233.56","1790525745000","true","true"
"2026-09-27","XL1USDT","","","","0.0002059","40911.52","1790525879000","false","true"
"2026-09-27","XL1USDT","","","","0.000206","47624.6","1790526069000","true","true"
"2026-09-27","XL1USDT","","","","0.0002059","31290.37","1790526252000","false","true"
"2026-09-27","XL1USDT","","","","0.0002059","49745.18","1790526340000","false","true"
"2026-09-27","XL1USDT","","","","0.0002059","34660.38","1790526390000","false","true"
"2026-09-27","XL1USDT","","","","0.0002055","30570.84","1790526560000","true","true"
"2026-09-27","XL1USDT","","","","0.0002054","46185.75","1790526666000","false","true"
"2026-09-27","XL1USDT","","","","0.0002055","41766.97","1790526799000","false","true"
"2026-09-27","XL1USDT","","","","0.0002052","43695.41","1790526983000","true","true"
"2026-09-27","XL1USDT","","","","0.0002052","48986.58","1790527062000","false","true"
"2026-09-27","XL1USDT","","","","0.0002054","34581.71","1790527152000","false","true"
"2026-09-27","XL1USDT","","","","0.0002052","29092.62","1790527192000","false","true"
"2026-09-27","XL1USDT","","","","0.0002052","25280.76","1790527273000","true","true"
"2026-09-27","XL1USDT","","","","0.0002051","39718.22","1790527437000","true","true"
"2026-09-27","XL1USDT","","","","0.0002053","49582.89","1790527518000","true","true"
"2026-09-27","XL1USDT","","","","0.0002054","28865.59","1790527674000","false","true"
"2026-09-27","XL1USDT","","","","0.0002054","49942.42","1790527726000","false","true"
"2026-09-27","XL1USDT","","","","0.0002053","43933.73","1790527761000","true","true"
"2026-09-27","XL1USDT","","","","0.0002053","39190.81","1790527864000","true","true"
"2026-09-27","XL1USDT","","","","0.0002053","43262.51","1790528064000","false","true"
"2026-09-27","XL1USDT","","","","0.0002054","28331.66","1790528226000","true","true"
"2026-09-27","XL1USDT","","","","0.0002052","33103.74","1790528320000","true","true"
"2026-09-27","XL1USDT","","","","0.0002053","33809.31","1790528379000","false","true"
"2026-09-27","XL1USDT","","","","0.0002053","45300.7","1790528478000","false","true"
"2026-09-27","XL1USDT","","","","0.0002054","34441.64","1790528656000","true","true"
"2026-09-27","XL1USDT","","","","0.0002054","35890.44","1790528774000","false","true"
"2026-09-27","XL1USDT","","","","0.0002054","25098.93","1790528864000","false","true"
"2026-09-27","XL1USDT","","","","0.0002054","44773.08","1790528926000","true","true"
"2026-09-27","XL1USDT","","","","0.0002053","48393.36","1790529023000","true","true"
"2026-09-27","XL1USDT","","","","0.0002053","46107.37","1790529106000","true","true"
"2026-09-27","XL1USDT","","","","0.0002053","30465.51","1790529190000","false","true"
"2026-09-27","XL1USDT","","","","0.0002053","33840.29","1790529364000","false","true"
"2026-09-27","XL1USDT","","","","0.0002057","38217.24","1790529435000","true","true"
"2026-09-27","XL1USDT","","","","0.0002056","48680.48","1790529481000","true","true"
"2026-09-27","XL1USDT","","","","0.0002054","26329.32","1790529611000","true","true"
"2026-09-27","XL1USDT","","","","0.0002057","44024.6","1790529734000","true","true"
"2026-09-27","XL1USDT","","","","0.0002056","44997.07","1790529778000","true","true"
"2026-09-27","XL1USDT","","","","0.0002054","26781.64","1790529905000","true","true"
"2026-09-27","XL1USDT","","","","0.0002056","46011.29","1790530078000","true","true"
"2026-09-27","XL1USDT","","","","0.0002055","38627.89","1790530169000","true","true"
"2026-09-27","XL1USDT","","","","0.0002054","44836.95","1790530313000","false","true"
"2026-09-27","XL1USDT","","","","0.0002054","25082.14","1790530452000","false","true"
"2026-09-27","XL1USDT","","","","0.0002057","26398.52","1790530559000","false","true"
"2026-09-27","XL1USDT","","","","0.0002056","29938.95","1790530620000","false","true"
"2026-09-27","XL1USDT","","","","0.0002056","33569.61","1790530722000","false","true"
"2026-09-27","XL1USDT","","","","0.0002055","29675.66","1790530780000","true","true"
"2026-09-27","XL1USDT","","","","0.0002055","33731.61","1790530889000","true","true"
"2026-09-27","XL1USDT","","","","0.0002056","44940.72","1790530951000","true","true"
"2026-09-27","XL1USDT","","","","0.0002054","39010.52","1790530983000","false","true"
"2026-09-27","XL1USDT","","","","0.0002054","25062.41","1790531102000","false","true"
"2026-09-27","XL1USDT","","","","0.0002055","33161.67","1790531139000","false","true"
"2026-09-27","XL1USDT","","","","0.0002054","49938.92","1790531205000","true","true"
"2026-09-27","XL1USDT","","","","0.0002055","41069.86","1790531281000","true","true"
"2026-09-27","XL1USDT","","","","0.0002055","38480.51","1790531377000","true","true"
"2026-09-27","XL1USDT","","","","0.0002056","44551.93","1790531477000","false","true"
"2026-09-27","XL1USDT","","","","0.0002056","29820.93","1790531593000","true","true"
"2026-09-27","XL1USDT","","","","0.0002057","40434.45","1790531694000","false","true"
"2026-09-27","XL1USDT","","","","0.0002057","29147.8","1790531834000","false","true"
"2026-09-27","XL1USDT","","","","0.0002056","49262.07","1790531964000","false","true"
"2026-09-27","XL1USDT","","","","0.0002058","38341.78","1790532116000","true","true"
"2026-09-27","XL1USDT","","","","0.0002056","47984.99","1790532234000","true","true"
"2026-09-27","XL1USDT","","","","0.0002056","47010.04","1790532343000","false","true"
"2026-09-27","XL1USDT","","","","0.0002057","35919.33","1790532508000","true","true"
"2026-09-27","XL1USDT","","","","0.0002056","43575.25","1790532600000","true","true"
"2026-09-27","XL1USDT","","","","0.0002057","35987.02","1790532666000","true","true"
"2026-09-27","XL1USDT","","","","0.0002057","47258.04","1790532736000","false","true"
"2026-09-27","XL1USDT","","","","0.0002057","49404.91","1790532777000","true","true"
"2026-09-27","XL1USDT","","","","0.0002057","37001.21","1790532869000","true","true"
"2026-09-27","XL1USDT","","","","0.0002059","36096.55","1790532941000","true","true"
"2026-09-27","XL1USDT","","","","0.0002061","43566.12","1790533119000","true","true"
"2026-09-27","XL1USDT","","","","0.000206","38772.61","1790533295000","true","true"
"2026-09-27","XL1USDT","","","","0.0002064","33530.19","1790533369000","true","true"
"2026-09-27","XL1USDT","","","","0.0002066","18000","1790533459000","false","true"
"2026-09-27","XL1USDT","","","","0.0002067","17271.99","1790533459000","false","true"
"2026-09-27","XL1USDT","","","","0.0002064","43555.64","1790533647000","false","true"
"2026-09-27","XL1USDT","","","","0.0002061","32524.16","1790533837000","false","true"
"2026-09-27","XL1USDT","","","","0.000206","39911.64","1790533919000","true","true"
"2026-09-27","XL1USDT","","","","0.0002061","42204.04","1790534101000","true","true"
"2026-09-27","XL1USDT","","","","0.000206","45539.9","1790534202000","true","true"
"2026-09-27","XL1USDT","","","","0.0002062","26375.71","1790534389000","true","true"
"2026-09-27","XL1USDT","","","","0.0002061","42888.64","1790534537000","false","true"
"2026-09-27","XL1USDT","","","","0.0002062","38103.7","1790534693000","true","true"
"2026-09-27","XL1USDT","","","","0.0002061","42636.97","1790534733000","true","true"
"2026-09-27","XL1USDT","","","","0.0002061","49885.12","1790534784000","false","true"
"2026-09-27","XL1USDT","","","","0.0002061","30528.67","1790534823000","true","true"
"2026-09-27","XL1USDT","","","","0.0002069","34976.41","1790534902000","false","true"
"2026-09-27","XL1USDT","","","","0.0002065","40042.29","1790535019000","true","true"
"2026-09-27","XL1USDT","","","","0.0002063","38849.76","1790535101000","false","true"
"2026-09-27","XL1USDT","","","","0.0002068","36000","1790535139000","false","true"
"2026-09-27","XL1USDT","","","","0.0002069","6903.62","1790535139000","false","true"
"2026-09-27","XL1USDT","","","","0.0002064","37158.06","1790535183000","true","true"
"2026-09-27","XL1USDT","","","","0.0002062","36583.41","1790535271000","false","true"
"2026-09-27","XL1USDT","","","","0.0002063","32137.19","1790535453000","false","true"
"2026-09-27","XL1USDT","","","","0.0002065","42859.77","1790535512000","true","true"
"2026-09-27","XL1USDT","","","","0.0002065","43002.15","1790535624000","true","true"
"2026-09-27","XL1USDT","","","","0.000206","46727.34","1790535781000","true","true"
"2026-09-27","XL1USDT","","","","0.0002061","25206.57","1790535889000","true","true"
"2026-09-27","XL1USDT","","","","0.000206","40436.43","1790535996000","false","true"
"2026-09-27","XL1USDT","","","","0.0002061","41061.74","1790536148000","true","true"
"2026-09-27","XL1USDT","","","","0.0002062","42436.17","1790536315000","true","true"
"2026-09-27","XL1USDT","","","","0.0002061","45041.62","1790536388000","false","true"
"2026-09-27","XL1USDT","","","","0.0002061","49609.82","1790536428000","false","true"
"2026-09-27","XL1USDT","","","","0.0002062","46948.18","1790536520000","true","true"
"2026-09-27","XL1USDT","","","","0.0002062","26030.28","1790536636000","true","true"
"2026-09-27","XL1USDT","","","","0.0002062","38364.61","1790536695000","true","true"
"2026-09-27","XL1USDT","","","","0.0002071","35862","1790536795000","true","true"
"2026-09-27","XL1USDT","","","","0.0002072","18000","1790536795000","true","true"
"2026-09-27","XL1USDT","","","","0.0002075","39796.54","1790536869000","false","true"
"2026-09-27","XL1USDT","","","","0.0002075","45891.28","1790537047000","true","true"
"2026-09-27","XL1USDT","","","","0.0002075","45675.12","1790537112000","false","true"
"2026-09-27","XL1USDT","","","","0.0002076","33864.8","1790537262000","false","true"
"2026-09-27","XL1USDT","","","","0.0002074","34515.8","1790537321000","true","true"
"2026-09-27","XL1USDT","","","","0.0002073","41173.52","1790537505000","false","true"
"2026-09-27","XL1USDT","","","","0.0002073","25614.21","1790537584000","false","true"
"2026-09-27","XL1USDT","","","","0.0002073","45340.96","1790537724000","true","true"
"2026-09-27","XL1USDT","","","","0.0002073","45517.86","1790537783000","true","true"
"2026-09-27","XL1USDT","","","","0.0002076","32688.53","1790537876000","true","true"
"2026-09-27","XL1USDT","","","","0.0002074","36554.24","1790537979000","false","true"
"2026-09-27","XL1USDT","","","","0.0002076","43307.18","1790538085000","true","true"
"2026-09-27","XL1USDT","","","","0.0002074","31889.74","1790538168000","false","true"
"2026-09-27","XL1USDT","","","","0.0002074","40298.38","1790538264000","false","true"
"2026-09-27","XL1USDT","","","","0.0002074","44921.59","1790538413000","false","true"
"2026-09-27","XL1USDT","","","","0.0002074","28293.2","1790538532000","true","true"
"2026-09-27","XL1USDT","","","","0.0002075","43865.57","1790538653000","false","true"
"2026-09-27","XL1USDT","","","","0.0002075","49513.35","1790538700000","false","true"
"2026-09-27","XL1USDT","","","","0.0002073","25241.18","1790538826000","false","true"
"2026-09-27","XL1USDT","","","","0.0002073","35463.47","1790538921000","false","true"
"2026-09-27","XL1USDT","","","","0.0002073","28742.94","1790539103000","true","true"
"2026-09-27","XL1USDT","","","","0.0002075","37132.13","1790539253000","true","true"
"2026-09-27","XL1USDT","","","","0.0002075","30009.1","1790539329000","false","true"
"2026-09-27","XL1USDT","","","","0.0002074","31743.92","1790539402000","false","true"
"2026-09-27","XL1USDT","","","","0.0002074","29178.35","1790539603000","true","true"
"2026-09-27","XL1USDT","","","","0.0002075","31983.02","1790539740000","true","true"
"2026-09-27","XL1USDT","","","","0.0002075","31281.92","1790539926000","true","true"
"2026-09-27","XL1USDT","","","","0.0002074","42468.9","1790540009000","true","true"
"2026-09-27","XL1USDT","","","","0.0002075","49411.21","1790540159000","false","true"
"2026-09-27","XL1USDT","","","","0.0002075","49164.51","1790540192000","true","true"
"2026-09-27","XL1USDT","","","","0.0002077","48965.22","1790540245000","true","true"
"2026-09-27","XL1USDT","","","","0.0002077","34572.62","1790540280000","false","true"
"2026-09-27","XL1USDT","","","","0.0002078","43938.72","1790540353000","false","true"
"2026-09-27","XL1USDT","","","","0.0002076","41109.06","1790540433000","false","true"
"2026-09-27","XL1USDT","","","","0.0002072","46047.39","1790540581000","false","true"
"2026-09-27","XL1USDT","","","","0.0002071","33806.11","1790540764000","true","true"
"2026-09-27","XL1USDT","","","","0.0002072","49670.57","1790540942000","false","true"
"2026-09-27","XL1USDT","","","","0.0002072","46535.26","1790541040000","true","true"
"2026-09-27","XL1USDT","","","","0.0002071","46142.93","1790541130000","true","true"
"2026-09-27","XL1USDT","","","","0.0002071","42776.75","1790541266000","true","true"
"2026-09-27","XL1USDT","","","","0.0002073","39499.46","1790541436000","false","true"
"2026-09-27","XL1USDT","","","","0.0002072","25267.83","1790541509000","false","true"
"2026-09-27","XL1USDT","","","","0.0002073","33467.99","1790541645000","true","true"
"2026-09-27","XL1USDT","","","","0.0002072","28305.45","1790541725000","false","true"
"2026-09-27","XL1USDT","","","","0.0002074","48670.97","1790541916000","true","true"
"2026-09-27","XL1USDT","","","","0.0002069","48392.77","1790542070000","false","true"
"2026-09-27","XL1USDT","","","","0.0002069","31365.6","1790542133000","true","true"
"2026-09-27","XL1USDT","","","","0.0002071","25647.36","1790542266000","false","true"
"2026-09-27","XL1USDT","","","","0.000207","35497.85","1790542342000","false","true"
"2026-09-27","XL1USDT","","","","0.000207","47344.11","1790542382000","false","true"
"2026-09-27","XL1USDT","","","","0.000207","25065.44","1790542495000","false","true"
"2026-09-27","XL1USDT","","","","0.0002069","49695.83","1790542587000","false","true"
"2026-09-27","XL1USDT","","","","0.0002068","43551.7","1790542771000","false","true"
"2026-09-27","XL1USDT","","","","0.0002068","38838.43","1790542889000","false","true"
"2026-09-27","XL1USDT","","","","0.0002069","38831.78","1790543050000","true","true"
"2026-09-27","XL1USDT","","","","0.0002071","37124.37","1790543212000","false","true"
"2026-09-27","XL1USDT","","","","0.0002069","43460.21","1790543334000","false","true"
"2026-09-27","XL1USDT","","","","0.0002071","40666.3","1790543459000","false","true"
"2026-09-27","XL1USDT","","","","0.0002073","45530.83","1790543651000","true","true"
"2026-09-27","XL1USDT","","","","0.0002071","46950.01","1790543847000","false","true"
"2026-09-27","XL1USDT","","","","0.0002071","45674.95","1790544004000","false","true"
"2026-09-27","XL1USDT","","","","0.0002072","41904.2","1790544119000","false","true"
"2026-09-27","XL1USDT","","","","0.0002072","46684.53","1790544187000","true","true"
"2026-09-27","XL1USDT","","","","0.0002071","33577.32","1790544254000","true","true"
"2026-09-27","XL1USDT","","","","0.000207","30727.94","1790544417000","false","true"
"2026-09-27","XL1USDT","","","","0.0002068","33330.75","1790544588000","true","true"
"2026-09-27","XL1USDT","","","","0.0002068","25911.5","1790544768000","true","true"
"2026-09-27","XL1USDT","","","","0.0002069","49964.24","1790544846000","true","true"
"2026-09-27","XL1USDT","","","","0.0002064","40141.43","1790545032000","false","true"
"2026-09-27","XL1USDT","","","","0.0002064","29837.71","1790545225000","true","true"
"2026-09-27","XL1USDT","","","","0.0002064","46217.99","1790545268000","true","true"
"2026-09-27","XL1USDT","","","","0.0002065","27434.57","1790545404000","false","true"
"2026-09-27","XL1USDT","","","","0.0002065","46834.61","1790545473000","false","true"
"2026-09-27","XL1USDT","","","","0.0002067","31083.32","1790545660000","false","true"
"2026-09-27","XL1USDT","","","","0.0002065","39014.52","1790545743000","false","true"
"2026-09-27","XL1USDT","","","","0.0002068","45000.56","1790545821000","true","true"
"2026-09-27","XL1USDT","","","","0.0002066","39226.53","1790545935000","true","true"
"2026-09-27","XL1USDT","","","","0.0002067","40099.71","1790546080000","false","true"
"2026-09-27","XL1USDT","","","","0.0002066","35579.78","1790546253000","true","true"
"2026-09-27","XL1USDT","","","","0.0002068","43378.03","1790546427000","true","true"
"2026-09-27","XL1USDT","","","","0.0002066","42099.43","1790546483000","true","true"
"2026-09-27","XL1USDT","","","","0.000206","44719.21","1790546601000","true","true"
"2026-09-27","XL1USDT","","","","0.0002061","44413.68","1790546731000","false","true"
"2026-09-27","XL1USDT","","","","0.0002061","49884.06","1790546847000","false","true"
"2026-09-27","XL1USDT","","","","0.0002065","45613.54","1790546980000","false","true"
"2026-09-27","XL1USDT","","","","0.0002065","37567.67","1790547018000","true","true"
"2026-09-27","XL1USDT","","","","0.0002062","47895.56","1790547115000","true","true"
"2026-09-27","XL1USDT","","","","0.0002059","45736.67","1790547266000","true","true"
"2026-09-27","XL1USDT","","","","0.000206","40267.91","1790547460000","false","true"
"2026-09-27","XL1USDT","","","","0.0002061","34557.86","1790547617000","true","true"
"2026-09-27","XL1USDT","","","","0.0002062","32284.37","1790547776000","false","true"
"2026-09-27","XL1USDT","","","","0.0002064","37791.64","1790547865000","true","true"
"2026-09-27","XL1USDT","","","","0.0002069","42188.46","1790548049000","true","true"
"2026-09-27","XL1USDT","","","","0.0002068","38912.46","1790548179000","false","true"
"2026-09-27","XL1USDT","","","","0.0002065","35584.63","1790548344000","false","true"
"2026-09-27","XL1USDT","","","","0.0002065","47685.03","1790548412000","true","true"
"2026-09-27","XL1USDT","","","","0.0002057","39116.43","1790548592000","true","true"
"2026-09-27","XL1USDT","","","","0.0002058","28666.39","1790548737000","true","true"
"2026-09-27","XL1USDT","","","","0.0002058","27955.18","1790548930000","false","true"
"2026-09-27","XL1USDT","","","","0.0002057","39047.68","1790548962000","true","true"
"2026-09-27","XL1USDT","","","","0.0002057","33999.84","1790549007000","false","true"
"2026-09-27","XL1USDT","","","","0.0002057","47854.85","1790549062000","true","true"
"2026-09-27","XL1USDT","","","","0.0002056","26322.52","1790549137000","false","true"
"2026-09-27","XL1USDT","","","","0.0002057","29150.95","1790549318000","false","true"
"2026-09-27","XL1USDT","","","","0.0002055","39692.21","1790549400000","true","true"
"2026-09-27","XL1USDT","","","","0.000206","44294.48","1790549550000","false","true"
"2026-09-27","XL1USDT","","","","0.000206","47826.61","1790549627000","true","true"
"2026-09-27","XL1USDT","","","","0.0002061","35681.75","1790549777000","true","true"
"2026-09-27","XL1USDT","","","","0.0002059","48595.65","1790549961000","false","true"
"2026-09-27","XL1USDT","","","","0.0002064","47166.08","1790550109000","false","true"
"2026-09-27","XL1USDT","","","","0.0002064","37598.17","1790550274000","true","true"
"2026-09-27","XL1USDT","","","","0.0002062","28979.32","1790550442000","true","true"
"2026-09-27","XL1USDT","","","","0.0002059","48869.98","1790550551000","false","true"
"2026-09-27","XL1USDT","","","","0.0002058","35704.7","1790550632000","true","true"
"2026-09-27","XL1USDT","","","","0.0002059","49081.08","1790550718000","false","true"
"2026-09-27","XL1USDT","","","","0.0002059","30339.54","1790550807000","true","true"
"2026-09-27","XL1USDT","","","","0.0002064","37467.29","1790550850000","true","true"
"2026-09-27","XL1USDT","","","","0.0002062","43648.08","1790550985000","true","true"
"2026-09-27","XL1USDT","","","","0.0002065","30005.12","1790551145000","true","true"
"2026-09-27","XL1USDT","","","","0.0002065","44892.3","1790551303000","true","true"
"2026-09-27","XL1USDT","","","","0.0002066","34838.83","1790551481000","false","true"
"2026-09-27","XL1USDT","","","","0.0002069","30841.01","1790551652000","true","true"
"2026-09-27","XL1USDT","","","","0.0002069","40225.62","1790551750000","true","true"
"2026-09-27","XL1USDT","","","","0.0002071","48463.53","1790551937000","true","true"
"2026-09-27","XL1USDT","","","","0.0002068","41269.93","1790552124000","false","true"
"2026-09-27","XL1USDT","","","","0.0002069","32512.73","1790552194000","false","true"
"2026-09-27","XL1USDT","","","","0.0002068","35464.42","1790552342000","true","true"
"2026-09-27","XL1USDT","","","","0.0002068","40176.46","1790552505000","true","true"
"2026-09-27","XL1USDT","","","","0.0002068","44971.15","1790552642000","false","true"
"2026-09-27","XL1USDT","","","","0.0002067","48073.6","1790552741000","true","true"
"2026-09-27","XL1USDT","","","","0.0002068","47423.64","1790552841000","true","true"
"2026-09-27","XL1USDT","","","","0.0002068","31516.68","1790552919000","true","true"
"2026-09-27","XL1USDT","","","","0.0002071","30493.68","1790552998000","true","true"
"2026-09-27","XL1USDT","","","","0.000207","39045.68","1790553121000","false","true"
"2026-09-27","XL1USDT","","","","0.0002071","26066.74","1790553294000","true","true"
"2026-09-27","XL1USDT","","","","0.0002071","47419.27","1790553334000","true","true"
"2026-09-27","XL1USDT","","","","0.000208","26128.95","1790553385000","true","true"
"2026-09-27","XL1USDT","","","","0.0002072","40057.53","1790553501000","true","true"
"2026-09-28-partial","AXMUSDT","","","","0.0016","3125","1790553607000","false","true"
"2026-09-28-partial","AXMUSDT","","","","0.0016","3125","1790553638000","true","true"
"2026-09-28-partial","AXMUSDT","","","","0.0016","3125","1790553792000","false","true"
"2026-09-28-partial","AXMUSDT","","","","0.0016","3115.26","1790553823000","true","true"
"2026-09-28-partial","AXMUSDT","","","","0.0016","3125","1790553885000","true","true"
"2026-09-28-partial","AXMUSDT","","","","0.0016","3125","1790553978000","true","true"
"2026-09-28-partial","AXMUSDT","","","","0.0016","3125","1790554008000","true","true"
"2026-09-28-partial","AXMUSDT","","","","0.0016","3125","1790554039000","false","true"
"2026-09-28-partial","AXMUSDT","","","","0.0016","3115.26","1790554071000","true","true"
"2026-09-28-partial","AXMUSDT","","","","0.0016","3125","1790554102000","false","true"
"2026-09-28-partial","AXMUSDT","","","","0.0016","3125","1790554195000","false","true"
"2026-09-28-partial","AXMUSDT","","","","0.0016","3125","1790554222000","false","true"
"2026-09-28-partial","AXMUSDT","","","","0.0016","3125","1790554288000","false","true"
"2026-09-28-partial","AXMUSDT","","","","0.0016","3125","1790554319000","false","true"
"2026-09-28-partial","AXMUSDT","","","","0.0016","3115.26","1790554350000","true","true"
"2026-09-28-partial","AXMUSDT","","","","0.0016","3125","1790554382000","false","true"
"2026-09-28-partial","AXMUSDT","","","","0.0016","3125","1790554393000","true","true"
"2026-09-28-partial","AXMUSDT","","","","0.0016","3125","1790554455000","true","true"
"2026-09-28-partial","AXMUSDT","","","","0.0016","3125","1790554475000","false","true"
"2026-09-28-partial","AXMUSDT","","","","0.0016","3125","1790554533000","false","true"
"2026-09-28-partial","AXMUSDT","","","","0.0016","3125","1790554599000","true","true"
"2026-09-28-partial","AXMUSDT","","","","0.0016","3125","1790554661000","true","true"
"2026-09-28-partial","AXMUSDT","","","","0.0016","3125","1790554692000","true","true"
"2026-09-28-partial","AXMUSDT","","","","0.0016","3125","1790554754000","true","true"
"2026-09-28-partial","AXMUSDT","","","","0.0016","3125","1790554785000","true","true"
"2026-09-28-partial","AXMUSDT","","","","0.0016","3125","1790554847000","false","true"
"2026-09-28-partial","AXMUSDT","","","","0.0016","3125","1790554878000","false","true"
"2026-09-28-partial","AXMUSDT","","","","0.0016","3125","1790554909000","true","true"
"2026-09-28-partial","AXMUSDT","","","","0.0016","3125","1790554971000","true","true"
"2026-09-28-partial","AXMUSDT","","","","0.0016","3125","1790555002000","true","true"
"2026-09-28-partial","AXMUSDT","","","","0.0016","3125","1790555029000","false","true"
"2026-09-28-partial","AXMUSDT","","","","0.0016","3125","1790555032000","true","true"
"2026-09-28-partial","AXMUSDT","","","","0.0016","3750","1790555076000","true","true"
"2026-09-28-partial","AXMUSDT","","","","0.00159","3761.75","1790555094000","true","true"
"2026-09-28-partial","AXMUSDT","","","","0.00159","3134.79","1790555125000","true","true"
"2026-09-28-partial","AXMUSDT","","","","0.0016","2250","1790556589000","true","true"
"2026-09-28-partial","AXMUSDT","","","","0.00159","5049.19","1790562930000","true","true"
"2026-09-28-partial","AXMUSDT","","","","0.0016","22488.31","1790562930000","true","true"
"2026-09-28-partial","AXMUSDT","","","","0.00159","27537.5","1790562933000","true","true"
"2026-09-28-partial","AXMUSDT","","","","0.00159","3134.79","1790562962000","true","true"
"2026-09-28-partial","AXMUSDT","","","","0.00159","28619.16","1790562981000","true","true"
"2026-09-28-partial","AXMUSDT","","","","0.00158","26455.84","1790562981000","true","true"
"2026-09-28-partial","AXMUSDT","","","","0.00159","31806.42","1790565067000","false","true"
"2026-09-28-partial","AXMUSDT","","","","0.00159","4402.51","1790565069000","false","true"
"2026-09-28-partial","AXMUSDT","","","","0.00159","4402.51","1790565069000","true","true"
"2026-09-28-partial","AXMUSDT","","","","0.00159","3773.58","1790565098000","true","true"
"2026-09-28-partial","AXMUSDT","","","","0.00159","3144.65","1790565129000","false","true"
"2026-09-28-partial","AXMUSDT","","","","0.00159","3144.65","1790565129000","true","true"
"2026-09-28-partial","AXMUSDT","","","","0.00159","5031.44","1790565159000","true","true"
"2026-09-28-partial","AXMUSDT","","","","0.00159","5031.44","1790565159000","false","true"
"2026-09-28-partial","AXMUSDT","","","","0.00159","6289.3","1790565190000","true","true"
"2026-09-28-partial","AXMUSDT","","","","0.00159","6289.3","1790565190000","false","true"
"2026-09-28-partial","AXMUSDT","","","","0.00159","3773.58","1790565221000","false","true"
"2026-09-28-partial","AXMUSDT","","","","0.00159","3773.58","1790565222000","true","true"
"2026-09-28-partial","AXMUSDT","","","","0.00159","3144.65","1790565253000","false","true"
"2026-09-28-partial","AXMUSDT","","","","0.00159","3144.65","1790565253000","true","true"
"2026-09-28-partial","AXMUSDT","","","","0.00159","6289.3","1790565283000","false","true"
"2026-09-28-partial","AXMUSDT","","","","0.00159","5660.37","1790565314000","true","true"
"2026-09-28-partial","AXMUSDT","","","","0.00159","5031.44","1790565345000","true","true"
"2026-09-28-partial","AXMUSDT","","","","0.00159","5031.44","1790565345000","false","true"
"2026-09-28-partial","AXMUSDT","","","","0.00159","3144.65","1790565377000","false","true"
"2026-09-28-partial","AXMUSDT","","","","0.00159","3144.65","1790565377000","true","true"
"2026-09-28-partial","AXMUSDT","","","","0.00159","5660.37","1790565407000","false","true"
"2026-09-28-partial","AXMUSDT","","","","0.00159","3773.58","1790565408000","true","true"
"2026-09-28-partial","AXMUSDT","","","","0.00158","3785.48","1790565439000","true","true"
"2026-09-28-partial","AXMUSDT","","","","0.00159","6908.37","1790565565000","true","true"
"2026-09-28-partial","AXMUSDT","","","","0.00158","3785.48","1790565686000","true","true"
"2026-09-28-partial","AXMUSDT","","","","0.00159","3144.65","1790565687000","false","true"
"2026-09-28-partial","AXMUSDT","","","","0.00159","3773.58","1790565717000","true","true"
"2026-09-28-partial","AXMUSDT","","","","0.00159","3773.58","1790565748000","false","true"
"2026-09-28-partial","AXMUSDT","","","","0.00159","5660.37","1790565777000","true","true"
"2026-09-28-partial","AXMUSDT","","","","0.00159","3144.65","1790565808000","false","true"
"2026-09-28-partial","AXMUSDT","","","","0.00159","3144.65","1790565810000","true","true"
"2026-09-28-partial","AXMUSDT","","","","0.00159","3773.58","1790565870000","false","true"
"2026-09-28-partial","AXMUSDT","","","","0.00159","4402.51","1790565931000","true","true"
"2026-09-28-partial","AXMUSDT","","","","0.00159","5660.37","1790565963000","false","true"
"2026-09-28-partial","AXMUSDT","","","","0.00159","3144.65","1790565965000","true","true"
"2026-09-28-partial","AXMUSDT","","","","0.00159","3144.65","1790565993000","false","true"
"2026-09-28-partial","AXMUSDT","","","","0.00159","3773.58","1790566026000","false","true"
"2026-09-28-partial","AXMUSDT","","","","0.00159","3773.58","1790566027000","true","true"
"2026-09-28-partial","AXMUSDT","","","","0.00159","3144.65","1790566057000","false","true"
"2026-09-28-partial","AXMUSDT","","","","0.00159","3144.65","1790566088000","true","true"
"2026-09-28-partial","AXMUSDT","","","","0.00158","3154.57","1790566121000","true","true"
"2026-09-28-partial","AXMUSDT","","","","0.00159","3144.65","1790566243000","true","true"
"2026-09-28-partial","AXMUSDT","","","","0.00159","3144.65","1790566336000","true","true"
"2026-09-28-partial","AXMUSDT","","","","0.00159","3144.65","1790566367000","false","true"
"2026-09-28-partial","AXMUSDT","","","","0.00159","3144.65","1790566428000","true","true"
"2026-09-28-partial","AXMUSDT","","","","0.00159","3144.65","1790566459000","false","true"
"2026-09-28-partial","AXMUSDT","","","","0.00159","3773.58","1790566489000","true","true"
"2026-09-28-partial","AXMUSDT","","","","0.00159","3773.58","1790566521000","false","true"
"2026-09-28-partial","AXMUSDT","","","","0.00159","3144.65","1790566551000","true","true"
"2026-09-28-partial","AXMUSDT","","","","0.00159","3144.65","1790566582000","true","true"
"2026-09-28-partial","AXMUSDT","","","","0.00159","3144.65","1790566583000","true","true"
"2026-09-28-partial","AXMUSDT","","","","0.00159","3144.65","1790566676000","true","true"
"2026-09-28-partial","AXMUSDT","","","","0.00159","3144.65","1790566738000","false","true"
"2026-09-28-partial","AXMUSDT","","","","0.00159","3773.58","1790566770000","true","true"
"2026-09-28-partial","AXMUSDT","","","","0.00159","3773.58","1790566798000","false","true"
"2026-09-28-partial","AXMUSDT","","","","0.00159","3144.65","1790566829000","true","true"
"2026-09-28-partial","AXMUSDT","","","","0.00159","3144.65","1790566859000","false","true"
"2026-09-28-partial","AXMUSDT","","","","0.00159","6279.44","1790566862000","true","true"
"2026-09-28-partial","AXMUSDT","","","","0.00159","5031.44","1790566892000","false","true"
"2026-09-28-partial","AXMUSDT","","","","0.00159","4402.51","1790566893000","true","true"
"2026-09-28-partial","AXMUSDT","","","","0.00159","3773.58","1790566925000","false","true"
"2026-09-28-partial","AXMUSDT","","","","0.00159","3144.65","1790566955000","true","true"
"2026-09-28-partial","AXMUSDT","","","","0.00159","3144.65","1790566987000","false","true"
"2026-09-28-partial","AXMUSDT","","","","0.00159","3773.58","1790567079000","true","true"
"2026-09-28-partial","AXMUSDT","","","","0.00159","5031.44","1790567108000","false","true"
"2026-09-28-partial","AXMUSDT","","","","0.00159","3144.65","1790567141000","true","true"
"2026-09-28-partial","AXMUSDT","","","","0.00159","4402.51","1790567170000","false","true"
"2026-09-28-partial","AXMUSDT","","","","0.00159","5660.37","1790567201000","true","true"
"2026-09-28-partial","AXMUSDT","","","","0.00159","5031.44","1790567232000","false","true"
"2026-09-28-partial","AXMUSDT","","","","0.00159","3144.65","1790567234000","true","true"
"2026-09-28-partial","AXMUSDT","","","","0.00159","3144.65","1790567265000","false","true"
"2026-09-28-partial","AXMUSDT","","","","0.00159","5660.37","1790567293000","true","true"
"2026-09-28-partial","AXMUSDT","","","","0.00158","6309.14","1790567297000","true","true"
"2026-09-28-partial","AXMUSDT","","","","0.00159","6918.23","1790567324000","true","true"
"2026-09-28-partial","AXMUSDT","","","","0.00159","4402.51","1790567355000","false","true"
"2026-09-28-partial","AXMUSDT","","","","0.00159","4402.51","1790567356000","true","true"
"2026-09-28-partial","AXMUSDT","","","","0.00159","3144.65","1790567388000","false","true"
"2026-09-28-partial","AXMUSDT","","","","0.00159","3144.65","1790567390000","true","true"
"2026-09-28-partial","AXMUSDT","","","","0.00159","3773.58","1790567417000","false","true"
"2026-09-28-partial","AXMUSDT","","","","0.00159","3773.58","1790567420000","true","true"
"2026-09-28-partial","AXMUSDT","","","","0.00159","5031.44","1790567448000","false","true"
"2026-09-28-partial","AXMUSDT","","","","0.00159","5031.44","1790567449000","true","true"
"2026-09-28-partial","AXMUSDT","","","","0.00159","3773.58","1790567481000","false","true"
"2026-09-28-partial","AXMUSDT","","","","0.00159","3773.58","1790567512000","true","true"
"2026-09-28-partial","AXMUSDT","","","","0.00159","3144.65","1790567543000","false","true"
"2026-09-28-partial","AXMUSDT","","","","0.00159","3144.65","1790567544000","true","true"
"2026-09-28-partial","AXMUSDT","","","","0.00159","3773.58","1790567574000","false","true"
"2026-09-28-partial","AXMUSDT","","","","0.00159","3773.58","1790567603000","true","true"
"2026-09-28-partial","AXMUSDT","","","","0.00159","3144.65","1790567609000","false","true"
"2026-09-28-partial","AXMUSDT","","","","0.00159","3773.58","1790567634000","false","true"
"2026-09-28-partial","AXMUSDT","","","","0.00159","4402.51","1790567664000","true","true"
"2026-09-28-partial","AXMUSDT","","","","0.00159","3144.65","1790567695000","true","true"
"2026-09-28-partial","AXMUSDT","","","","0.00159","3144.65","1790567695000","false","true"
"2026-09-28-partial","AXMUSDT","","","","0.00159","3773.58","1790567757000","true","true"
"2026-09-28-partial","AXMUSDT","","","","0.00159","3773.58","1790567757000","false","true"
"2026-09-28-partial","AXMUSDT","","","","0.00159","3144.65","1790567768000","false","true"
"2026-09-28-partial","AXMUSDT","","","","0.00159","5031.44","1790567788000","true","true"
"2026-09-28-partial","AXMUSDT","","","","0.00159","5031.44","1790567797000","false","true"
"2026-09-28-partial","AXMUSDT","","","","0.00159","4402.51","1790567850000","true","true"
"2026-09-28-partial","AXMUSDT","","","","0.00159","3773.58","1790567857000","false","true"
"2026-09-28-partial","AXMUSDT","","","","0.00159","3773.58","1790567884000","true","true"
"2026-09-28-partial","AXMUSDT","","","","0.00159","4402.51","1790567943000","false","true"
"2026-09-28-partial","AXMUSDT","","","","0.00159","3144.65","1790567945000","true","true"
"2026-09-28-partial","AXMUSDT","","","","0.00159","3773.58","1790567973000","false","true"
"2026-09-28-partial","AXMUSDT","","","","0.00159","3773.58","1790567974000","true","true"
"2026-09-28-partial","AXMUSDT","","","","0.00159","3144.65","1790568011000","false","true"
"2026-09-28-partial","AXMUSDT","","","","0.00159","5031.44","1790568035000","true","true"
"2026-09-28-partial","AXMUSDT","","","","0.00158","3154.57","1790568069000","true","true"
"2026-09-28-partial","AXMUSDT","","","","0.00159","3144.65","1790568131000","true","true"
"2026-09-28-partial","AXMUSDT","","","","0.00159","3144.65","1790568192000","true","true"
"2026-09-28-partial","AXMUSDT","","","","0.00159","3144.65","1790568224000","false","true"
"2026-09-28-partial","AXMUSDT","","","","0.00159","3144.65","1790568348000","true","true"
"2026-09-28-partial","AXMUSDT","","","","0.00159","3144.65","1790568472000","false","true"
"2026-09-28-partial","AXMUSDT","","","","0.00159","3144.65","1790568503000","false","true"
"2026-09-28-partial","AXMUSDT","","","","0.00159","3144.65","1790568503000","true","true"
"2026-09-28-partial","AXMUSDT","","","","0.00159","3144.65","1790568533000","true","true"
"2026-09-28-partial","AXMUSDT","","","","0.00159","3144.65","1790568596000","false","true"
"2026-09-28-partial","AXMUSDT","","","","0.00159","3144.65","1790568627000","false","true"
"2026-09-28-partial","AXMUSDT","","","","0.00159","3144.65","1790568720000","true","true"
"2026-09-28-partial","AXMUSDT","","","","0.00159","3144.65","1790568781000","false","true"
"2026-09-28-partial","AXMUSDT","","","","0.00159","3144.65","1790568812000","false","true"
"2026-09-28-partial","AXMUSDT","","","","0.00159","3144.65","1790568843000","true","true"
"2026-09-28-partial","AXMUSDT","","","","0.00159","3144.65","1790568936000","false","true"
"2026-09-28-partial","AXMUSDT","","","","0.00159","3144.65","1790569029000","false","true"
"2026-09-28-partial","AXMUSDT","","","","0.00159","3144.65","1790569089000","false","true"
"2026-09-28-partial","AXMUSDT","","","","0.00159","3144.65","1790569122000","true","true"
"2026-09-28-partial","AXMUSDT","","","","0.00159","3144.65","1790569123000","false","true"
"2026-09-28-partial","AXMUSDT","","","","0.00159","3144.65","1790569152000","true","true"
"2026-09-28-partial","AXMUSDT","","","","0.0016","9375","1790569204000","false","true"
"2026-09-28-partial","AXMUSDT","","","","0.00159","3144.65","1790569276000","false","true"
"2026-09-28-partial","AXMUSDT","","","","0.00159","3144.65","1790569307000","false","true"
"2026-09-28-partial","AXMUSDT","","","","0.00159","3144.65","1790569338000","false","true"
"2026-09-28-partial","AXMUSDT","","","","0.00159","3144.65","1790569366000","true","true"
"2026-09-28-partial","AXMUSDT","","","","0.00159","3144.65","1790569369000","false","true"
"2026-09-28-partial","AXMUSDT","","","","0.00159","3144.65","1790569370000","true","true"
"2026-09-28-partial","AXMUSDT","","","","0.00159","3144.65","1790569400000","true","true"
"2026-09-28-partial","AXMUSDT","","","","0.00159","3134.79","1790569433000","true","true"
"2026-09-28-partial","AXMUSDT","","","","0.00159","3144.65","1790569462000","false","true"
"2026-09-28-partial","AXMUSDT","","","","0.00159","3144.65","1790569492000","false","true"
"2026-09-28-partial","AXMUSDT","","","","0.00159","3134.79","1790569554000","true","true"
"2026-09-28-partial","AXMUSDT","","","","0.00159","3134.79","1790569616000","true","true"
"2026-09-28-partial","AXMUSDT","","","","0.00159","3134.79","1790569647000","true","true"
"2026-09-28-partial","AXMUSDT","","","","0.00159","3144.65","1790569678000","false","true"
"2026-09-28-partial","AXMUSDT","","","","0.00159","3134.79","1790569709000","true","true"
"2026-09-28-partial","AXMUSDT","","","","0.00159","3144.65","1790569771000","false","true"
"2026-09-28-partial","AXMUSDT","","","","0.00159","3144.65","1790569802000","false","true"
"2026-09-28-partial","AXMUSDT","","","","0.00159","3144.65","1790569832000","true","true"
"2026-09-28-partial","AXMUSDT","","","","0.00159","3144.65","1790569863000","true","true"
"2026-09-28-partial","AXMUSDT","","","","0.00159","3144.65","1790569987000","true","true"
"2026-09-28-partial","AXMUSDT","","","","0.00159","3144.65","1790570018000","false","true"
"2026-09-28-partial","AXMUSDT","","","","0.00159","3144.65","1790570049000","true","true"
"2026-09-28-partial","AXMUSDT","","","","0.00159","3144.65","1790570142000","false","true"
"2026-09-28-partial","AXMUSDT","","","","0.00159","3144.65","1790570170000","false","true"
"2026-09-28-partial","AXMUSDT","","","","0.00159","3144.65","1790570173000","true","true"
"2026-09-28-partial","AXMUSDT","","","","0.00159","3144.65","1790570235000","true","true"
"2026-09-28-partial","AXMUSDT","","","","0.00159","3144.65","1790570328000","true","true"
"2026-09-28-partial","AXMUSDT","","","","0.00159","3144.65","1790570360000","false","true"
"2026-09-28-partial","AXMUSDT","","","","0.00159","3144.65","1790570391000","true","true"
"2026-09-28-partial","AXMUSDT","","","","0.00159","3144.65","1790570422000","true","true"
"2026-09-28-partial","AXMUSDT","","","","0.00159","3144.65","1790570449000","false","true"
"2026-09-28-partial","AXMUSDT","","","","0.00159","3144.65","1790570484000","true","true"
"2026-09-28-partial","AXMUSDT","","","","0.00159","3144.65","1790570515000","false","true"
"2026-09-28-partial","AXMUSDT","","","","0.00159","3144.65","1790570546000","false","true"
"2026-09-28-partial","AXMUSDT","","","","0.00159","3144.65","1790570576000","true","true"
"2026-09-28-partial","AXMUSDT","","","","0.00159","3144.65","1790570603000","false","true"
"2026-09-28-partial","AXMUSDT","","","","0.00159","3144.65","1790570607000","true","true"
"2026-09-28-partial","AXMUSDT","","","","0.00159","3144.65","1790570638000","true","true"
"2026-09-28-partial","AXMUSDT","","","","0.00159","3134.79","1790570639000","true","true"
"2026-09-28-partial","AXMUSDT","","","","0.00159","3144.65","1790570696000","false","true"
"2026-09-28-partial","AXMUSDT","","","","0.00159","3144.65","1790570792000","true","true"
"2026-09-28-partial","AXMUSDT","","","","0.00159","3144.65","1790570793000","true","true"
"2026-09-28-partial","AXMUSDT","","","","0.00159","3144.65","1790570917000","false","true"
"2026-09-28-partial","AXMUSDT","","","","0.00159","3134.79","1790570948000","true","true"
"2026-09-28-partial","AXMUSDT","","","","0.00159","3134.79","1790570979000","true","true"
"2026-09-28-partial","AXMUSDT","","","","0.00159","3144.65","1790571041000","false","true"
"2026-09-28-partial","AXMUSDT","","","","0.00159","3144.65","1790571072000","false","true"
"2026-09-28-partial","AXMUSDT","","","","0.00159","1525.03","1790571165000","false","true"
"2026-09-28-partial","AXMUSDT","","","","0.00159","1609.76","1790571165000","true","true"
"2026-09-28-partial","AXMUSDT","","","","0.0016","3608.61","1790571441000","false","true"
"2026-09-28-partial","XL1USDT","","","","0.0002069","42810.32","1790553674000","true","true"
"2026-09-28-partial","XL1USDT","","","","0.0002074","26563.91","1790553736000","true","true"
"2026-09-28-partial","XL1USDT","","","","0.0002073","32316.46","1790553825000","false","true"
"2026-09-28-partial","XL1USDT","","","","0.0002074","44242.95","1790553914000","false","true"
"2026-09-28-partial","XL1USDT","","","","0.0002072","38106.49","1790554088000","false","true"
"2026-09-28-partial","XL1USDT","","","","0.0002071","42752.09","1790554136000","false","true"
"2026-09-28-partial","XL1USDT","","","","0.0002067","30072.81","1790554167000","false","true"
"2026-09-28-partial","XL1USDT","","","","0.0002068","40113.85","1790554230000","false","true"
"2026-09-28-partial","XL1USDT","","","","0.0002069","35817.67","1790554318000","false","true"
"2026-09-28-partial","XL1USDT","","","","0.0002069","48090.28","1790554454000","true","true"
"2026-09-28-partial","XL1USDT","","","","0.0002071","36571.5","1790554530000","true","true"
"2026-09-28-partial","XL1USDT","","","","0.0002072","47095.56","1790554714000","true","true"
"2026-09-28-partial","XL1USDT","","","","0.0002071","31245.45","1790554755000","false","true"
"2026-09-28-partial","XL1USDT","","","","0.0002082","39236.99","1790554924000","true","true"
"2026-09-28-partial","XL1USDT","","","","0.0002081","25074.34","1790554961000","true","true"
"2026-09-28-partial","XL1USDT","","","","0.000208","41968.17","1790554998000","true","true"
"2026-09-28-partial","XL1USDT","","","","0.0002078","34246.13","1790555102000","true","true"
"2026-09-28-partial","XL1USDT","","","","0.0002077","28318.4","1790555160000","true","true"
"2026-09-28-partial","XL1USDT","","","","0.0002072","34436.19","1790555325000","true","true"
"2026-09-28-partial","XL1USDT","","","","0.0002074","39444.4","1790555389000","false","true"
"2026-09-28-partial","XL1USDT","","","","0.000207","42522.82","1790555527000","true","true"
"2026-09-28-partial","XL1USDT","","","","0.0002065","45577.93","1790555662000","false","true"
"2026-09-28-partial","XL1USDT","","","","0.0002064","28468.87","1790555699000","false","true"
"2026-09-28-partial","XL1USDT","","","","0.0002061","47875","1790555801000","true","true"
"2026-09-28-partial","XL1USDT","","","","0.000206","29625.12","1790555863000","false","true"
"2026-09-28-partial","XL1USDT","","","","0.0002065","29040.61","1790556002000","true","true"
"2026-09-28-partial","XL1USDT","","","","0.0002059","40573.44","1790556047000","true","true"
"2026-09-28-partial","XL1USDT","","","","0.0002067","18000","1790556176000","false","true"
"2026-09-28-partial","XL1USDT","","","","0.0002066","36000","1790556176000","false","true"
"2026-09-28-partial","XL1USDT","","","","0.0002068","4878","1790556176000","false","true"
"2026-09-28-partial","XL1USDT","","","","0.0002059","45193.16","1790556177000","false","true"
"2026-09-28-partial","XL1USDT","","","","0.0002066","37598.61","1790556375000","true","true"
"2026-09-28-partial","XL1USDT","","","","0.0002069","32868.74","1790556410000","true","true"
"2026-09-28-partial","XL1USDT","","","","0.0002071","40971.81","1790556560000","true","true"
"2026-09-28-partial","XL1USDT","","","","0.0002073","41890.72","1790556705000","true","true"
"2026-09-28-partial","XL1USDT","","","","0.000207","32374.24","1790556880000","true","true"
"2026-09-28-partial","XL1USDT","","","","0.0002066","30965.41","1790556934000","false","true"
"2026-09-28-partial","XL1USDT","","","","0.0002062","40925.55","1790557126000","true","true"
"2026-09-28-partial","XL1USDT","","","","0.0002059","37527.39","1790557287000","false","true"
"2026-09-28-partial","XL1USDT","","","","0.0002061","35253.28","1790557391000","true","true"
"2026-09-28-partial","XL1USDT","","","","0.0002057","37899.67","1790557591000","true","true"
"2026-09-28-partial","XL1USDT","","","","0.0002064","41748.13","1790557716000","true","true"
"2026-09-28-partial","XL1USDT","","","","0.000206","43045.97","1790557888000","true","true"
"2026-09-28-partial","XL1USDT","","","","0.000206","43198.99","1790558008000","false","true"
"2026-09-28-partial","XL1USDT","","","","0.0002057","42781.74","1790558136000","false","true"
"2026-09-28-partial","XL1USDT","","","","0.0002057","40496.71","1790558309000","false","true"
"2026-09-28-partial","XL1USDT","","","","0.000206","47516.08","1790558485000","false","true"
"2026-09-28-partial","XL1USDT","","","","0.000206","34015.16","1790558639000","true","true"
"2026-09-28-partial","XL1USDT","","","","0.000206","40408.23","1790558673000","true","true"
"2026-09-28-partial","XL1USDT","","","","0.000206","46762.11","1790558762000","false","true"
"2026-09-28-partial","XL1USDT","","","","0.0002061","37856.81","1790558943000","true","true"
"2026-09-28-partial","XL1USDT","","","","0.0002061","31719.29","1790559030000","true","true"
"2026-09-28-partial","XL1USDT","","","","0.0002061","42582.8","1790559129000","false","true"
"2026-09-28-partial","XL1USDT","","","","0.0002062","36673.9","1790559246000","false","true"
"2026-09-28-partial","XL1USDT","","","","0.0002061","39899.13","1790559302000","true","true"
"2026-09-28-partial","XL1USDT","","","","0.0002061","36420.53","1790559443000","true","true"
"2026-09-28-partial","XL1USDT","","","","0.0002058","28523.08","1790559480000","false","true"
"2026-09-28-partial","XL1USDT","","","","0.0002056","38224.43","1790559572000","false","true"
"2026-09-28-partial","XL1USDT","","","","0.0002057","38585.87","1790559673000","false","true"
"2026-09-28-partial","XL1USDT","","","","0.0002057","35709.65","1790559855000","false","true"
"2026-09-28-partial","XL1USDT","","","","0.0002055","32560.38","1790559988000","true","true"
"2026-09-28-partial","XL1USDT","","","","0.0002054","37451.06","1790560170000","true","true"
"2026-09-28-partial","XL1USDT","","","","0.0002047","18000","1790560218000","true","true"
"2026-09-28-partial","XL1USDT","","","","0.0002049","39619.42","1790560261000","false","true"
"2026-09-28-partial","XL1USDT","","","","0.0002049","27485.69","1790560338000","false","true"
"2026-09-28-partial","XL1USDT","","","","0.0002049","37251.74","1790560404000","true","true"
"2026-09-28-partial","XL1USDT","","","","0.0002052","49158.02","1790560479000","true","true"
"2026-09-28-partial","XL1USDT","","","","0.0002049","42516.69","1790560675000","false","true"
"2026-09-28-partial","XL1USDT","","","","0.0002047","47058.45","1790560730000","false","true"
"2026-09-28-partial","XL1USDT","","","","0.0002045","45779.51","1790560913000","true","true"
"2026-09-28-partial","XL1USDT","","","","0.0002046","31137.66","1790560960000","false","true"
"2026-09-28-partial","XL1USDT","","","","0.0002048","43047.36","1790561082000","true","true"
"2026-09-28-partial","XL1USDT","","","","0.0002047","47377.9","1790561135000","false","true"
"2026-09-28-partial","XL1USDT","","","","0.0002043","40851.08","1790561299000","true","true"
"2026-09-28-partial","XL1USDT","","","","0.000205","40615.19","1790561497000","true","true"
"2026-09-28-partial","XL1USDT","","","","0.0002051","30136.63","1790561635000","false","true"
"2026-09-28-partial","XL1USDT","","","","0.0002051","39754.01","1790561760000","true","true"
"2026-09-28-partial","XL1USDT","","","","0.0002049","45823.3","1790561910000","true","true"
"2026-09-28-partial","XL1USDT","","","","0.0002053","43376.64","1790562089000","true","true"
"2026-09-28-partial","XL1USDT","","","","0.0002054","36046.56","1790562286000","true","true"
"2026-09-28-partial","XL1USDT","","","","0.0002053","41759.47","1790562376000","false","true"
"2026-09-28-partial","XL1USDT","","","","0.0002055","49489.81","1790562559000","true","true"
"2026-09-28-partial","XL1USDT","","","","0.0002052","43638.44","1790562627000","true","true"
"2026-09-28-partial","XL1USDT","","","","0.0002052","46040.49","1790562730000","false","true"
"2026-09-28-partial","XL1USDT","","","","0.0002052","44006.84","1790563052000","false","true"
"2026-09-28-partial","XL1USDT","","","","0.000205","34431.37","1790563218000","false","true"
"2026-09-28-partial","XL1USDT","","","","0.0002051","31937.7","1790563358000","false","true"
"2026-09-28-partial","XL1USDT","","","","0.0002053","48836.87","1790563479000","true","true"
"2026-09-28-partial","XL1USDT","","","","0.0002051","36179.96","1790563635000","true","true"
"2026-09-28-partial","XL1USDT","","","","0.0002049","27445.44","1790563790000","true","true"
"2026-09-28-partial","XL1USDT","","","","0.000205","30724.49","1790563892000","true","true"
"2026-09-28-partial","XL1USDT","","","","0.0002051","44230.52","1790563995000","false","true"
"2026-09-28-partial","XL1USDT","","","","0.0002052","37218.1","1790564179000","true","true"
"2026-09-28-partial","XL1USDT","","","","0.000205","39081.12","1790564259000","true","true"
"2026-09-28-partial","XL1USDT","","","","0.0002052","37734.33","1790564458000","false","true"
"2026-09-28-partial","XL1USDT","","","","0.0002053","44122.54","1790564604000","false","true"
"2026-09-28-partial","XL1USDT","","","","0.0002052","44568.18","1790564702000","false","true"
"2026-09-28-partial","XL1USDT","","","","0.0002053","49978.68","1790564861000","false","true"
"2026-09-28-partial","XL1USDT","","","","0.0002054","36819.24","1790564899000","false","true"
"2026-09-28-partial","XL1USDT","","","","0.0002053","31538.6","1790564958000","true","true"
"2026-09-28-partial","XL1USDT","","","","0.0002055","31341.93","1790565083000","true","true"
"2026-09-28-partial","XL1USDT","","","","0.0002055","27351.51","1790565254000","false","true"
"2026-09-28-partial","XL1USDT","","","","0.0002052","30463.4","1790565409000","true","true"
"2026-09-28-partial","XL1USDT","","","","0.0002053","29841.46","1790565588000","false","true"
"2026-09-28-partial","XL1USDT","","","","0.0002053","35813.79","1790565717000","true","true"
"2026-09-28-partial","XL1USDT","","","","0.0002051","47006.68","1790565853000","true","true"
"2026-09-28-partial","XL1USDT","","","","0.000205","36414.25","1790565999000","false","true"
"2026-09-28-partial","XL1USDT","","","","0.0002048","38465.09","1790566085000","false","true"
"2026-09-28-partial","XL1USDT","","","","0.0002045","46448.82","1790566242000","true","true"
"2026-09-28-partial","XL1USDT","","","","0.0002045","47018.68","1790566398000","true","true"
"2026-09-28-partial","XL1USDT","","","","0.0002048","32390.12","1790566593000","true","true"
"2026-09-28-partial","XL1USDT","","","","0.0002052","47981.89","1790566741000","false","true"
"2026-09-28-partial","XL1USDT","","","","0.0002051","38017.95","1790566899000","false","true"
"2026-09-28-partial","XL1USDT","","","","0.0002052","41755.88","1790567042000","false","true"
"2026-09-28-partial","XL1USDT","","","","0.0002053","29481.07","1790567193000","false","true"
"2026-09-28-partial","XL1USDT","","","","0.0002052","38733.44","1790567332000","true","true"
"2026-09-28-partial","XL1USDT","","","","0.0002051","41707.33","1790567427000","false","true"
"2026-09-28-partial","XL1USDT","","","","0.0002051","43956.86","1790567508000","false","true"
"2026-09-28-partial","XL1USDT","","","","0.0002053","46526.01","1790567567000","true","true"
"2026-09-28-partial","XL1USDT","","","","0.0002052","42313.86","1790567697000","true","true"
"2026-09-28-partial","XL1USDT","","","","0.0002051","42772.25","1790567748000","false","true"
"2026-09-28-partial","XL1USDT","","","","0.0002051","30280.19","1790567864000","true","true"
"2026-09-28-partial","XL1USDT","","","","0.000205","26280.69","1790568021000","false","true"
"2026-09-28-partial","XL1USDT","","","","0.0002049","26716.59","1790568130000","true","true"
"2026-09-28-partial","XL1USDT","","","","0.0002048","33583.78","1790568200000","false","true"
"2026-09-28-partial","XL1USDT","","","","0.0002047","38429.73","1790568277000","false","true"
"2026-09-28-partial","XL1USDT","","","","0.000205","45696.89","1790568393000","true","true"
"2026-09-28-partial","XL1USDT","","","","0.000205","35958.8","1790568542000","false","true"
"2026-09-28-partial","XL1USDT","","","","0.000205","32966.72","1790568608000","true","true"
"2026-09-28-partial","XL1USDT","","","","0.0002051","31643.74","1790568763000","true","true"
"2026-09-28-partial","XL1USDT","","","","0.0002058","34104.07","1790568916000","true","true"
"2026-09-28-partial","XL1USDT","","","","0.0002052","27761.19","1790569031000","true","true"
"2026-09-28-partial","XL1USDT","","","","0.0002059","29472.96","1790569165000","false","true"
"2026-09-28-partial","XL1USDT","","","","0.0002055","29340.33","1790569337000","true","true"
"2026-09-28-partial","XL1USDT","","","","0.0002056","26845.37","1790569525000","true","true"
"2026-09-28-partial","XL1USDT","","","","0.0002055","41639.37","1790569570000","false","true"
"2026-09-28-partial","XL1USDT","","","","0.0002055","36724.81","1790569708000","false","true"
"2026-09-28-partial","XL1USDT","","","","0.0002057","30080.25","1790569878000","true","true"
"2026-09-28-partial","XL1USDT","","","","0.0002054","42785.7","1790569981000","false","true"
"2026-09-28-partial","XL1USDT","","","","0.0002056","44406.76","1790570167000","true","true"
"2026-09-28-partial","XL1USDT","","","","0.0002059","30112.36","1790570270000","false","true"
"2026-09-28-partial","XL1USDT","","","","0.0002061","27210.64","1790570457000","false","true"
"2026-09-28-partial","XL1USDT","","","","0.000206","18000","1790570457000","false","true"
"2026-09-28-partial","XL1USDT","","","","0.0002059","39858.03","1790570635000","false","true"
"2026-09-28-partial","XL1USDT","","","","0.0002055","27686.33","1790570766000","false","true"
"2026-09-28-partial","XL1USDT","","","","0.0002061","24537.62","1790570797000","false","true"
"2026-09-28-partial","XL1USDT","","","","0.000206","18000","1790570797000","false","true"
"2026-09-28-partial","XL1USDT","","","","0.0002054","48232.57","1790570997000","false","true"
"2026-09-28-partial","XL1USDT","","","","0.0002053","43406.99","1790571151000","true","true"
"2026-09-28-partial","XL1USDT","","","","0.0002059","48487.91","1790571347000","true","true"
"2026-09-28-partial","XL1USDT","","","","0.0002055","35073.22","1790571450000","false","true"
"2026-09-28-partial","XL1USDT","","","","0.0002057","27652.56","1790571521000","true","true"
"2026-09-28-partial","XL1USDT","","","","0.0002055","47402.84","1790571561000","true","true"
"2026-09-28-partial","XL1USDT","","","","0.0002056","26894.74","1790571601000","false","true"
"2026-09-28-partial","XL1USDT","","","","0.0002057","29186.89","1790571638000","false","true"
"2026-09-28-partial","XL1USDT","","","","0.0002057","42089.23","1790571736000","false","true"
"2026-09-28-partial","XL1USDT","","","","0.0002055","42857.52","1790571803000","false","true"
"2026-09-28-partial","XL1USDT","","","","0.0002055","32780.19","1790571836000","false","true"
"2026-09-28-partial","XL1USDT","","","","0.0002052","48086.51","1790571941000","false","true"
"2026-09-28-partial","XL1USDT","","","","0.0002053","41032.16","1790572046000","false","true"
"2026-09-28-partial","XL1USDT","","","","0.0002052","42023.88","1790572109000","true","true"
"2026-09-28-partial","XL1USDT","","","","0.0002053","32239.39","1790572246000","false","true"
"2026-09-28-partial","XL1USDT","","","","0.0002049","46759.18","1790572439000","true","true"
"2026-09-28-partial","XL1USDT","","","","0.0002047","48972.19","1790572631000","true","true"
"2026-09-28-partial","XL1USDT","","","","0.0002048","25194.5","1790572831000","true","true"
"2026-09-28-partial","XL1USDT","","","","0.000205","34367.24","1790572898000","true","true"
"2026-09-28-partial","XL1USDT","","","","0.0002049","29806.82","1790573009000","false","true"
"2026-09-28-partial","XL1USDT","","","","0.0002045","25973.72","1790573124000","true","true"
"2026-09-28-partial","XL1USDT","","","","0.0002049","40279.61","1790573299000","true","true"
"2026-09-28-partial","XL1USDT","","","","0.0002046","44007.04","1790573486000","false","true"
